-- MySQL dump 10.14  Distrib 5.5.68-MariaDB, for Linux (x86_64)
--
-- Host: localhost    Database: doc-app
-- ------------------------------------------------------
-- Server version	5.5.68-MariaDB

/*!40101 SET @OLD_CHARACTER_SET_CLIENT=@@CHARACTER_SET_CLIENT */;
/*!40101 SET @OLD_CHARACTER_SET_RESULTS=@@CHARACTER_SET_RESULTS */;
/*!40101 SET @OLD_COLLATION_CONNECTION=@@COLLATION_CONNECTION */;
/*!40101 SET NAMES utf8mb4 */;
/*!40103 SET @OLD_TIME_ZONE=@@TIME_ZONE */;
/*!40103 SET TIME_ZONE='+00:00' */;
/*!40014 SET @OLD_UNIQUE_CHECKS=@@UNIQUE_CHECKS, UNIQUE_CHECKS=0 */;
/*!40014 SET @OLD_FOREIGN_KEY_CHECKS=@@FOREIGN_KEY_CHECKS, FOREIGN_KEY_CHECKS=0 */;
/*!40101 SET @OLD_SQL_MODE=@@SQL_MODE, SQL_MODE='NO_AUTO_VALUE_ON_ZERO' */;
/*!40111 SET @OLD_SQL_NOTES=@@SQL_NOTES, SQL_NOTES=0 */;

--
-- Table structure for table `academic_year`
--

DROP TABLE IF EXISTS `academic_year`;
/*!40101 SET @saved_cs_client     = @@character_set_client */;
/*!40101 SET character_set_client = utf8 */;
CREATE TABLE `academic_year` (
  `id` int(11) NOT NULL,
  `start_month` varchar(15) NOT NULL,
  `end_month` varchar(15) NOT NULL,
  `start_year` year(4) NOT NULL,
  `end_year` year(4) NOT NULL,
  `archived` tinyint(1) DEFAULT '0',
  `name` varchar(15) AS (concat(`start_year`,_utf8mb4'-',`end_year`)) VIRTUAL
) ENGINE=InnoDB DEFAULT CHARSET=utf8;
/*!40101 SET character_set_client = @saved_cs_client */;

--
-- Dumping data for table `academic_year`
--

LOCK TABLES `academic_year` WRITE;
/*!40000 ALTER TABLE `academic_year` DISABLE KEYS */;
INSERT INTO `academic_year` VALUES (1,'JANUARY','JULY',2023,2024,0,'2023-2024'),(1,'JANUARY','JULY',2023,2024,0,'2023-2024');
/*!40000 ALTER TABLE `academic_year` ENABLE KEYS */;
UNLOCK TABLES;

--
-- Table structure for table `admin_logs`
--

DROP TABLE IF EXISTS `admin_logs`;
/*!40101 SET @saved_cs_client     = @@character_set_client */;
/*!40101 SET character_set_client = utf8 */;
CREATE TABLE `admin_logs` (
  `log_id` int(11) NOT NULL,
  `log_date` timestamp NOT NULL DEFAULT CURRENT_TIMESTAMP,
  PRIMARY KEY (`log_id`)
) ENGINE=MyISAM DEFAULT CHARSET=latin1;
/*!40101 SET character_set_client = @saved_cs_client */;

--
-- Dumping data for table `admin_logs`
--

LOCK TABLES `admin_logs` WRITE;
/*!40000 ALTER TABLE `admin_logs` DISABLE KEYS */;
/*!40000 ALTER TABLE `admin_logs` ENABLE KEYS */;
UNLOCK TABLES;

--
-- Table structure for table `approver_details`
--

DROP TABLE IF EXISTS `approver_details`;
/*!40101 SET @saved_cs_client     = @@character_set_client */;
/*!40101 SET character_set_client = utf8 */;
CREATE TABLE `approver_details` (
  `id` int(11) NOT NULL,
  `email` varchar(100) NOT NULL,
  `approver_rank` varchar(18) NOT NULL
) ENGINE=InnoDB DEFAULT CHARSET=latin1;
/*!40101 SET character_set_client = @saved_cs_client */;

--
-- Dumping data for table `approver_details`
--

LOCK TABLES `approver_details` WRITE;
/*!40000 ALTER TABLE `approver_details` DISABLE KEYS */;
/*!40000 ALTER TABLE `approver_details` ENABLE KEYS */;
UNLOCK TABLES;

--
-- Table structure for table `approver_ranks`
--

DROP TABLE IF EXISTS `approver_ranks`;
/*!40101 SET @saved_cs_client     = @@character_set_client */;
/*!40101 SET character_set_client = utf8 */;
CREATE TABLE `approver_ranks` (
  `id` int(11) NOT NULL,
  `rank` varchar(25) NOT NULL,
  `name` varchar(20) NOT NULL,
  `stage` int(11) NOT NULL,
  PRIMARY KEY (`id`)
) ENGINE=InnoDB DEFAULT CHARSET=latin1;
/*!40101 SET character_set_client = @saved_cs_client */;

--
-- Dumping data for table `approver_ranks`
--

LOCK TABLES `approver_ranks` WRITE;
/*!40000 ALTER TABLE `approver_ranks` DISABLE KEYS */;
INSERT INTO `approver_ranks` VALUES (0,'finance','Finance',104),(1,'head_of_dept','Head of Dept.',1),(2,'faculty_dean','Faculty Dean',2),(3,'provost','Provost',3),(4,'internal_auditor','Internal Auditor',4),(5,'vc','VC',5);
/*!40000 ALTER TABLE `approver_ranks` ENABLE KEYS */;
UNLOCK TABLES;

--
-- Table structure for table `banks_branches`
--

DROP TABLE IF EXISTS `banks_branches`;
/*!40101 SET @saved_cs_client     = @@character_set_client */;
/*!40101 SET character_set_client = utf8 */;
CREATE TABLE `banks_branches` (
  `bank_branch_id` int(11) NOT NULL AUTO_INCREMENT,
  `branch_code` int(11) NOT NULL,
  `bank_name` varchar(75) NOT NULL,
  `bank_branch` varchar(50) NOT NULL,
  PRIMARY KEY (`bank_branch_id`),
  UNIQUE KEY `branch_code` (`branch_code`)
) ENGINE=InnoDB AUTO_INCREMENT=1924 DEFAULT CHARSET=latin1;
/*!40101 SET character_set_client = @saved_cs_client */;

--
-- Dumping data for table `banks_branches`
--

LOCK TABLES `banks_branches` WRITE;
/*!40000 ALTER TABLE `banks_branches` DISABLE KEYS */;
INSERT INTO `banks_branches` VALUES (1,10101,'BANK OF GHANA','ACCRA BRANCH'),(2,10303,'BANK OF GHANA','AGONA SWEDRU BRANCH'),(3,10401,'BANK OF GHANA','TAKORADI BRANCH'),(4,10402,'BANK OF GHANA','SEFWI BOAKO BRANCH'),(5,10601,'BANK OF GHANA','KUMASI BRANCH'),(6,10701,'BANK OF GHANA','SUNYANI BRANCH'),(7,10801,'BANK OF GHANA','TAMALE BRANCH'),(8,11101,'BANK OF GHANA','HOHOE BRANCH'),(10,20102,'STANDARD CHARTERED BANK','INDEPENDENCE AVENUE BRANCH'),(11,20104,'STANDARD CHARTERED BANK','LIBERIA ROAD BRANCH'),(12,20105,'STANDARD CHARTERED BANK','OPEIBEA HOUSE BRANCH'),(13,20106,'STANDARD CHARTERED BANK','TEMA BRANCH'),(14,20108,'STANDARD CHARTERED BANK','LEGON BRANCH'),(15,20112,'STANDARD CHARTERED BANK','OSU BRANCH'),(16,20118,'STANDARD CHARTERED BANK','SPINTEX BRANCH'),(17,20121,'STANDARD CHARTERED BANK','DANSOMAN BRANCH'),(18,20126,'STANDARD CHARTERED BANK','ABEKA BRANCH'),(19,20127,'STANDARD CHARTERED BANK','ACHIMOTA BRANCH'),(20,20129,'STANDARD CHARTERED BANK','NIA BRANCH'),(21,20132,'STANDARD CHARTERED BANK','TEMA HABOUR BRANCH'),(22,20133,'STANDARD CHARTERED BANK','WESTHILLS BRANCH'),(23,20436,'STANDARD CHARTERED BANK','LIBERIA ROAD TAKORADI BRANCH'),(24,20611,'STANDARD CHARTERED BANK','KNUST BRANCH'),(25,20613,'STANDARD CHARTERED BANK','AHODWO BRANCH'),(26,20615,'STANDARD CHARTERED BANK','HARPER ROAD BRANCH'),(27,20617,'STANDARD CHARTERED BANK','OBUASI BRANCH'),(28,20823,'STANDARD CHARTERED BANK','TAMALE BRANCH'),(29,30101,'ABSA (GH) LTD','KASOA BRANCH'),(30,30104,'ABSA (GH) LTD','A AND C MALL BRANCH'),(31,30105,'ABSA (GH) LTD','ACCRA MALL BRANCH'),(32,30106,'ABSA (GH) LTD','ABEKA LAPAZ BRANCH'),(33,30107,'ABSA (GH) LTD','DANSOMAN BRANCH'),(34,30108,'ABSA (GH) LTD','GNPC BRANCH'),(35,30109,'ABSA (GH) LTD','NIMA BRANCH'),(36,30110,'ABSA (GH) LTD','LEGON BRANCH'),(37,30111,'ABSA (GH) LTD','ACHIMOTA BRANCH'),(38,30112,'ABSA (GH) LTD','OSU BRANCH'),(39,30114,'ABSA (GH) LTD','RING ROAD CENTRAL BRANCH'),(40,30116,'ABSA (GH) LTD','BCM BRANCH'),(41,30117,'ABSA (GH) LTD','MOTORWAY EXT BRANCH'),(42,30121,'ABSA (GH) LTD','SPINTEX MAIN BRANCH'),(43,30122,'ABSA (GH) LTD','KNUTSFORD AVENUE BRANCH'),(44,30125,'ABSA (GH) LTD','LEGON MAIN BRANCH'),(45,30130,'ABSA (GH) LTD','TEMA FISHING HARBOUR BRANCH'),(46,30135,'ABSA (GH) LTD','MAKOLA SQUARE BRANCH'),(47,30136,'ABSA (GH) LTD','AIRPORT CITY BRANCH'),(48,30141,'ABSA (GH) LTD','CIRCLE BRANCH'),(49,30144,'ABSA (GH) LTD','ACCRA CORPORATE SERVICE CENTER BRANCH'),(50,30145,'ABSA (GH) LTD','SPINTEX PRESTIGE BRANCH'),(51,30148,'ABSA (GH) LTD','HIGH STREET BRANCH'),(52,30149,'ABSA (GH) LTD','DIRECT SALES BRANCH'),(53,30154,'ABSA (GH) LTD','AVENUE CENTRAL BRANCH'),(54,30155,'ABSA (GH) LTD','UNDP BRANCH'),(55,30160,'ABSA (GH) LTD','TEMA MAIN BRANCH'),(56,30161,'ABSA (GH) LTD','SME CENTRE BRANCH'),(57,30162,'ABSA (GH) LTD','AGBOBLOSHIE BRANCH'),(58,30163,'ABSA (GH) LTD','MADINA BRANCH'),(59,30164,'ABSA (GH) LTD','HEAD OFFICE BRANCH'),(60,30168,'ABSA (GH) LTD','TESHIE NUNGUA BRANCH'),(61,30169,'ABSA (GH) LTD','ACCRA NEWTOWN BRANCH'),(62,30170,'ABSA (GH) LTD','DOME BRANCH'),(63,30173,'ABSA (GH) LTD','DARKUMAN BRANCH'),(64,30175,'ABSA (GH) LTD','INDEPENDENCE AVENUE BRANCH'),(65,30179,'ABSA (GH) LTD','WEIJA BRANCH'),(66,30184,'ABSA (GH) LTD','ASHAIMAN BRANCH'),(67,30185,'ABSA (GH) LTD','HAATSO BRANCH'),(68,30187,'ABSA (GH) LTD','KANESHIE BRANCH'),(69,30189,'ABSA (GH) LTD','TEMA OIL REFINERY BRANCH'),(70,30190,'ABSA (GH) LTD','NORTH KANESHIE BRANCH'),(71,30191,'ABSA (GH) LTD','MAAMOBI BRANCH'),(72,30192,'ABSA (GH) LTD','OFFSHORE BANKING'),(73,30193,'ABSA (GH) LTD','MATAHEKO BRANCH'),(74,30194,'ABSA (GH) LTD','ADENTA BRANCH'),(75,30195,'ABSA (GH) LTD','ABOSSEY OKAI BRANCH'),(76,30196,'ABSA (GH) LTD','KOTOBABI BRANCH'),(77,30197,'ABSA (GH) LTD','PALM WINE JUNCTION BRANCH'),(78,30242,'ABSA (GH) LTD','KOFORIDUA BRANCH'),(79,30243,'ABSA (GH) LTD','NKAWKAW BRANCH'),(80,30246,'ABSA (GH) LTD','ODA BRANCH'),(81,30247,'ABSA (GH) LTD','NSAWAM BRANCH'),(82,30286,'ABSA (GH) LTD','SOMANYA BRANCH'),(83,30320,'ABSA (GH) LTD','SWEDRU BRANCH'),(84,30337,'ABSA (GH) LTD','CAPE COAST BRANCH'),(85,30338,'ABSA (GH) LTD','OBUASI BRANCH'),(86,30365,'ABSA (GH) LTD','WINNEBA BRANCH'),(87,30367,'ABSA (GH) LTD','MANKESSIM BRANCH'),(88,30399,'ABSA (GH) LTD','TWIFO PRASO BRANCH'),(89,30431,'ABSA (GH) LTD','HIGH STREET-TAKORADI BRANCH'),(90,30432,'ABSA (GH) LTD','LIBERATION ROAD-TAKORADI BRANCH'),(91,30434,'ABSA (GH) LTD','TARKWA BRANCH'),(92,30451,'ABSA (GH) LTD','TARKWA MINES BRANCH'),(93,30452,'ABSA (GH) LTD','ASANKRAGUA BRANCH'),(94,30456,'ABSA (GH) LTD','TAKORADI KOKOMPE BRANCH'),(95,30498,'ABSA (GH) LTD','ELUBO BRANCH'),(96,30539,'ABSA (GH) LTD','HO BRANCH'),(97,30540,'ABSA (GH) LTD','HOHOE BRANCH'),(98,30572,'ABSA (GH) LTD','AFLAO BRANCH'),(99,30623,'ABSA (GH) LTD','ASAFO BRANCH'),(100,30627,'ABSA (GH) LTD','PREMPEH II STREET'),(101,30628,'ABSA (GH) LTD','KEJETIA- KUMASI BRANCH'),(102,30653,'ABSA (GH) LTD','NEW SUAME MAGAZINE BRANCH'),(103,30657,'ABSA (GH) LTD','OLD SUAME MAGAZINE BRANCH'),(104,30658,'ABSA (GH) LTD','AGOGO BRANCH'),(105,30666,'ABSA (GH) LTD','ADUM BRANCH'),(106,30674,'ABSA (GH) LTD','BANTAMA BRANCH'),(107,30676,'ABSA (GH) LTD','SEFWI-WIASO BRANCH'),(108,30677,'ABSA (GH) LTD','KONONGO BRANCH'),(109,30680,'ABSA (GH) LTD','KROFOM BRANCH'),(110,30681,'ABSA (GH) LTD','TANOSO BRANCH'),(111,30682,'ABSA (GH) LTD','TAFO BRANCH'),(112,30683,'ABSA (GH) LTD','AHODWO BRANCH'),(113,30718,'ABSA (GH) LTD','TECHIMAN BRANCH'),(114,30724,'ABSA (GH) LTD','BEREKUM BRANCH'),(115,30750,'ABSA (GH) LTD','SUNYANI BRANCH'),(116,30759,'ABSA (GH) LTD','GOASO BRANCH'),(117,30778,'ABSA (GH) LTD','ATEBUBU BRANCH'),(118,30833,'ABSA (GH) LTD','TAMALE BRANCH'),(119,30871,'ABSA (GH) LTD','GUMANI BRANCH'),(120,30919,'ABSA (GH) LTD','BOLGATANGA BRANCH'),(121,30926,'ABSA (GH) LTD','BAWKU BRANCH'),(122,31088,'ABSA (GH) LTD','WA BRANCH'),(123,40001,'GCB BANK LTD','WA BRANCH'),(124,40002,'GCB BANK LTD','TUMU BRANCH'),(125,40003,'GCB BANK LTD','LAWRA BRANCH'),(126,40004,'GCB BANK LTD','BOLE BRANCH'),(127,40101,'GCB BANK LTD','HIGH STREET BRANCH'),(128,40102,'GCB BANK LTD','BURMA CAMP BRANCH'),(129,40103,'GCB BANK LTD','LEGON BRANCH'),(130,40105,'GCB BANK LTD','MINISTRIES BRANCH'),(131,40106,'GCB BANK LTD','REPUBLIC HOUSE BRANCH'),(132,40107,'GCB BANK LTD','TEMA MAIN BRANCH'),(133,40108,'GCB BANK LTD','TEMA MARKET BRANCH'),(134,40109,'GCB BANK LTD','TEMA INDUSTRIAL AREA BRANCH'),(135,40110,'GCB BANK LTD','TEMA FISHING HARBOUR BRANCH'),(136,40111,'GCB BANK LTD','RING ROAD WEST BRANCH'),(137,40112,'GCB BANK LTD','KANESHIE MARKET BRANCH'),(138,40113,'GCB BANK LTD','KORLEBU BRANCH'),(139,40114,'GCB BANK LTD','OSU BRANCH'),(140,40115,'GCB BANK LTD','DERBY AVENUE BRANCH'),(141,40116,'GCB BANK LTD','BOUNDARY ROAD BRANCH'),(142,40117,'GCB BANK LTD','LIBERTY HOUSE BRANCH'),(143,40118,'GCB BANK LTD','ACCRA NEW TOWN BRANCH'),(144,40119,'GCB BANK LTD','TRADE FAIR SITE BRANCH'),(145,40120,'GCB BANK LTD','KANESHIE INDUSTRIAL AREA BRANCH'),(146,40121,'GCB BANK LTD','ASHAIMAN BRANCH'),(147,40123,'GCB BANK LTD','MADINA BRANCH'),(148,40124,'GCB BANK LTD','31ST DECEMBER MARKET BRANCH'),(149,40126,'GCB BANK LTD','TETTEH QUARSHIE CIRCLE BRANCH'),(150,40127,'GCB BANK LTD','KWAME NKRUMAH CIRCLE BRANCH'),(151,40128,'GCB BANK LTD','INTERNATIONAL TRADE FINANCE BRANCH'),(152,40129,'GCB BANK LTD','GLOBAL TRANSFER SERVICES BRANCH'),(153,40130,'GCB BANK LTD','TANTRA HILL BRANCH'),(154,40131,'GCB BANK LTD','KASOA BRANCH'),(155,40132,'GCB BANK LTD','DOME (KWABENYA) BRANCH'),(156,40133,'GCB BANK LTD','ABLENKPE BRANCH'),(157,40134,'GCB BANK LTD','KASOA MAIN BRANCH'),(158,40135,'GCB BANK LTD','SAFEBOUND (JUBILEE) TEMA BRANCH'),(159,40136,'GCB BANK LTD','KISSEIMAN BRANCH'),(160,40138,'GCB BANK LTD','SPINTEX ROAD BRANCH'),(161,40139,'GCB BANK LTD','ACCRA NORTH CIRCLE BRANCH'),(162,40146,'GCB BANK LTD','DANSOMAN BRANCH'),(163,40147,'GCB BANK LTD','ADENTA MARKET BRANCH'),(164,40148,'GCB BANK LTD','NIMA BRANCH'),(165,40149,'GCB BANK LTD','NUNGUA BRANCH'),(166,40150,'GCB BANK LTD','ABEKA LAPAZ BRANCH'),(167,40162,'GCB BANK LTD','HAATSO BRANCH'),(168,40163,'GCB BANK LTD','AMASAMAN BRANCH'),(169,40164,'GCB BANK LTD','ADJIRIGANO BRANCH'),(170,40165,'GCB BANK LTD','WEIJA BRANCH'),(171,40166,'GCB BANK LTD','KATAMANTO BRANCH'),(172,40167,'GCB BANK LTD','ADABRAKA BRANCH'),(173,40168,'GCB BANK LTD','AIRPORT CITY BRANCH'),(174,40169,'GCB BANK LTD','EAST LEGON BRANCH'),(175,40170,'GCB BANK LTD','TEMA COMMUNITY 2 BRANCH'),(176,40171,'GCB BANK LTD','OKAISHIE BRANCH'),(177,40172,'GCB BANK LTD','CENTRAL UNIVERSITY COLLEGE BRANCH'),(178,40173,'GCB BANK LTD','LABONE BRANCH'),(179,40174,'GCB BANK LTD','ACHIMOTA BRANCH'),(180,40175,'GCB BANK LTD','A&C MALL BRANCH'),(181,40176,'GCB BANK LTD','TESANO BRANCH'),(182,40177,'GCB BANK LTD','ABOSSEY OKAI BRANCH'),(183,40178,'GCB BANK LTD','MANDELA PARK BRANCH'),(184,40179,'GCB BANK LTD','OSU OXFORD STREET BRANCH'),(185,40180,'GCB BANK LTD','MARTEY TSURU BRANCH'),(186,40181,'GCB BANK LTD','TEMA COMMUNITY 1 BRANCH'),(187,40182,'GCB BANK LTD','MADINA ZONGO JUNCTION BRANCH'),(188,40183,'GCB BANK LTD','DZORWULU BRANCH BRANCH'),(189,40184,'GCB BANK LTD','AIRPORT TERMINAL 3 BRANCH'),(190,40199,'GCB BANK LTD','HEAD OFFICE BRANCH'),(191,40201,'GCB BANK LTD','KOFORIDUA BRANCH'),(192,40202,'GCB BANK LTD','AKIM ODA BRANCH'),(193,40203,'GCB BANK LTD','KADE BRANCH'),(194,40205,'GCB BANK LTD','NEW TAFO BRANCH'),(195,40206,'GCB BANK LTD','NKAWKAW BRANCH'),(196,40207,'GCB BANK LTD','SOMANYA BRANCH'),(197,40208,'GCB BANK LTD','ASAMANKESE BRANCH'),(198,40209,'GCB BANK LTD','AKROPONG AKWAPIM BRANCH'),(199,40210,'GCB BANK LTD','MAMPONG AKWAPIM BRANCH'),(200,40212,'GCB BANK LTD','ANYIMAN BRANCH'),(1223,40213,'GCB BANK LTD','ADA FOAH'),(1224,40214,'GCB BANK LTD','SUHUM'),(1225,40216,'GCB BANK LTD','NSAWAM'),(1226,40217,'GCB BANK LTD','KIBI'),(1227,40218,'GCB BANK LTD','AKOSOMBO'),(1228,40219,'GCB BANK LTD','MPRAESO'),(1229,40220,'GCB BANK LTD','AKUSE'),(1230,40221,'GCB BANK LTD','DONKORKROM'),(1231,40222,'GCB BANK LTD','ABURI'),(1232,40224,'GCB BANK LTD','KOFORIDUA CENTRAL GCB BANK LTD'),(1233,40301,'GCB BANK LTD','CAPE COAST MAIN'),(1234,40302,'GCB BANK LTD','UNIVERSITY OF CAPE COAST'),(1235,40303,'GCB BANK LTD','AGONA SWEDRU'),(1236,40304,'GCB BANK LTD','ASSIN FOSU'),(1237,40305,'GCB BANK LTD','WINNEBA'),(1238,40306,'GCB BANK LTD','BREMAN ASIKUMA'),(1239,40307,'GCB BANK LTD','ABURA DUNKWA'),(1240,40308,'GCB BANK LTD','SALTPOND'),(1241,40309,'GCB BANK LTD','MANKESSIM'),(1242,40310,'GCB BANK LTD','TWIFO PRASO'),(1243,40315,'GCB BANK LTD','ELMINA'),(1244,40317,'GCB BANK LTD','CORONATION JUNCTION'),(1245,40401,'GCB BANK LTD','TAKORADI MAIN'),(1246,40402,'GCB BANK LTD','TAKORADI HARBOUR'),(1247,40403,'GCB BANK LTD','TAKORADI MARKET CIRCLE'),(1248,40404,'GCB BANK LTD','SEKONDI'),(1249,40405,'GCB BANK LTD','TARKWA'),(1250,40406,'GCB BANK LTD','SAMREBOI'),(1251,40407,'GCB BANK LTD','ENCHI'),(1252,40408,'GCB BANK LTD','AXIM'),(1253,40409,'GCB BANK LTD','HALFASSINI'),(1254,40410,'GCB BANK LTD','DUNKWA-ON-OFFIN'),(1255,40412,'GCB BANK LTD','SEFWI WIAWSO'),(1256,40413,'GCB BANK LTD','DADIESO'),(1257,40414,'GCB BANK LTD','BOGOSO'),(1258,40415,'GCB BANK LTD','ELUBO'),(1259,40471,'GCB BANK LTD','PRESTEA'),(1260,40501,'GCB BANK LTD','HO'),(1261,40502,'GCB BANK LTD','AFLAO'),(1262,40503,'GCB BANK LTD','DZODZE'),(1263,40504,'GCB BANK LTD','JASIKAN'),(1264,40506,'GCB BANK LTD','KADJEBI'),(1265,40507,'GCB BANK LTD','KETA'),(1266,40508,'GCB BANK LTD','KETEKRACHI'),(1267,40509,'GCB BANK LTD','KPANDO'),(1268,40511,'GCB BANK LTD','HOHOE'),(1269,40512,'GCB BANK LTD','SOGAKOPE'),(1270,40514,'GCB BANK LTD','PEKI'),(1271,40515,'GCB BANK LTD','ABOR'),(1272,40517,'GCB BANK LTD','AKATSI'),(1273,40523,'GCB BANK LTD','NKWANTA'),(1274,40526,'GCB BANK LTD','HO MARKET'),(1275,40527,'GCB BANK LTD','DAMBAI'),(1276,40530,'GCB BANK LTD','HO POLYTECHNIC'),(1277,40555,'GCB BANK LTD','CENTRAL PROCESSING CENTRE'),(1278,40601,'GCB BANK LTD','KUMASI MAIN'),(1279,40602,'GCB BANK LTD','ASAFO MARKET'),(1280,40603,'GCB BANK LTD','KNUST KUMASI'),(1281,40604,'GCB BANK LTD','KEJETIA'),(1282,40605,'GCB BANK LTD','KONONGO'),(1283,40607,'GCB BANK LTD','MAMPONG ASHANTI'),(1284,40609,'GCB BANK LTD','BEKWAI'),(1285,40610,'GCB BANK LTD','EFFIDUASE ASHANTI'),(1286,40611,'GCB BANK LTD','OBUASI'),(1287,40612,'GCB BANK LTD','EJISU'),(1288,40613,'GCB BANK LTD','NEW OFFINSO'),(1289,40614,'GCB BANK LTD','EJURA'),(1290,40615,'GCB BANK LTD','TEPA'),(1291,40616,'GCB BANK LTD','AKUMADAN'),(1292,40617,'GCB BANK LTD','JUASO'),(1293,40618,'GCB BANK LTD','NEW EDUBIASE'),(1294,40619,'GCB BANK LTD','AHINSAN KUMASI'),(1295,40620,'GCB BANK LTD','AGONA ASHANTI'),(1296,40621,'GCB BANK LTD','JUBILEE HOUSE'),(1297,40622,'GCB BANK LTD','AGOGO'),(1298,40623,'GCB BANK LTD','NKAWIE'),(1299,40625,'GCB BANK LTD','HARPER ROAD KUMASI'),(1300,40627,'GCB BANK LTD','BANTAMA'),(1301,40628,'GCB BANK LTD','TECH JUNCTION KUMASI'),(1302,40629,'GCB BANK LTD','MAGAZINE'),(1303,40630,'GCB BANK LTD','SUAME'),(1304,40631,'GCB BANK LTD','SOFOLINE'),(1305,40701,'GCB BANK LTD','SUNYANI'),(1306,40702,'GCB BANK LTD','BECHEM'),(1307,40703,'GCB BANK LTD','BEREKUM'),(1308,40704,'GCB BANK LTD','DORMAA AHENKRO'),(1309,40705,'GCB BANK LTD','DUAYAWNKWANTA'),(1310,40706,'GCB BANK LTD','HWIDIEM'),(1311,40707,'GCB BANK LTD','GOASO'),(1312,40709,'GCB BANK LTD','MIM'),(1313,40710,'GCB BANK LTD','JAPEKROM'),(1314,40711,'GCB BANK LTD','WENCHI'),(1315,40712,'GCB BANK LTD','KINTAMPO'),(1316,40713,'GCB BANK LTD','NKORANZA'),(1317,40715,'GCB BANK LTD','TECHIMAN'),(1318,40717,'GCB BANK LTD','SANKORE'),(1319,40723,'GCB BANK LTD','SAMPA'),(1320,40724,'GCB BANK LTD','TECHIMAN MARKET'),(1321,40725,'GCB BANK LTD','SUNYANI MARKET'),(1322,40801,'GCB BANK LTD','TAMALE MAIN'),(1323,40802,'GCB BANK LTD','YENDI BRANCH'),(1324,40803,'GCB BANK LTD','DAMONGO BRANCH'),(1325,40804,'GCB BANK LTD','SALAGA BRANCH'),(1326,40805,'GCB BANK LTD','TAMALE MARKET BRANCH'),(1327,40806,'GCB BANK LTD','BIMBILA BRANCH'),(1328,40807,'GCB BANK LTD','YEJI BRANCH'),(1329,40809,'GCB BANK LTD','TAMALE HOSPITAL ROAD BRANCH'),(1330,40810,'GCB BANK LTD','SABOBA BRANCH'),(1331,40812,'GCB BANK LTD','ABOABO BRANCH'),(1332,40901,'GCB BANK LTD','BOLGATANGA BRANCH'),(1333,40902,'GCB BANK LTD','NAVRONGO BRANCH'),(1334,40903,'GCB BANK LTD','BAWKU BRANCH'),(1335,40906,'GCB BANK LTD','WALEWALE BRANCH'),(1336,50100,'NATIONAL INVESTMENT BANK','NATIONAL INVESTMENT BANK'),(1337,50101,'NATIONAL INVESTMENT BANK','ACCRA MAIN BRANCH'),(1338,50109,'NATIONAL INVESTMENT BANK','TEMA MAIN BRANCH'),(1339,50111,'NATIONAL INVESTMENT BANK','OSU BRANCH'),(1340,50112,'NATIONAL INVESTMENT BANK','FOREIGN BRANCH'),(1341,50113,'NATIONAL INVESTMENT BANK','TEMA HABOUR AREA (AFKO) BRANCH'),(1342,50117,'NATIONAL INVESTMENT BANK','ABEKA BRANCH'),(1343,50122,'NATIONAL INVESTMENT BANK','ADENTA BRANCH'),(1344,50123,'NATIONAL INVESTMENT BANK','SPINTEX BRANCH'),(1345,50124,'NATIONAL INVESTMENT BANK','WINNEBA ROAD BRANCH'),(1346,50128,'NATIONAL INVESTMENT BANK','NORTH INDUSTRIAL AREA BRANCH'),(1347,50129,'NATIONAL INVESTMENT BANK','TEMA COMMUNITY 9 BRANCH'),(1348,50131,'NATIONAL INVESTMENT BANK','HEAD OFFICE BRANCH'),(1349,50132,'NATIONAL INVESTMENT BANK','DANSOMAN BRANCH'),(1350,50134,'NATIONAL INVESTMENT BANK','ASHAIMAN BRANCH'),(1351,50135,'NATIONAL INVESTMENT BANK','AIRPORT CITY BRANCH'),(1352,50136,'NATIONAL INVESTMENT BANK','EAST LEGON BRANCH'),(1353,50138,'NATIONAL INVESTMENT BANK','LAW COURT COMPLEX BRANCH'),(1354,50139,'NATIONAL INVESTMENT BANK','PARLIAMENT HOUSE BRANCH'),(1355,50146,'NATIONAL INVESTMENT BANK','MADINA BRANCH'),(1356,50147,'NATIONAL INVESTMENT BANK','MAKOLA BRANCH'),(1357,50149,'NATIONAL INVESTMENT BANK','ACCRA NEW TOWN BRANCH'),(1358,50152,'NATIONAL INVESTMENT BANK','ACHIMOTA BRANCH'),(1359,50204,'NATIONAL INVESTMENT BANK','KOFORIDUA BRANCH'),(1360,50218,'NATIONAL INVESTMENT BANK','AKIM ODA BRANCH'),(1361,50310,'NATIONAL INVESTMENT BANK','CAPE COAST BRANCH'),(1362,50327,'NATIONAL INVESTMENT BANK','DUNKWA ON-OFFIN BRANCH'),(1363,50337,'NATIONAL INVESTMENT BANK','SWEDRU BRANCH'),(1364,50351,'NATIONAL INVESTMENT BANK','KASOA BRANCH'),(1365,50407,'NATIONAL INVESTMENT BANK','TAKORADI BRANCH'),(1366,50434,'NATIONAL INVESTMENT BANK','TARKWA BRANCH'),(1367,50503,'NATIONAL INVESTMENT BANK','HO BRANCH'),(1368,50535,'NATIONAL INVESTMENT BANK','HOHOE BRANCH'),(1369,50541,'NATIONAL INVESTMENT BANK','NKWANTA BRANCH'),(1370,50605,'NATIONAL INVESTMENT BANK','KUMASI BRANCH'),(1371,50619,'NATIONAL INVESTMENT BANK','KUMASI CENTRAL BRANCH'),(1372,50621,'NATIONAL INVESTMENT BANK','OBUASI BRANCH'),(1373,50632,'NATIONAL INVESTMENT BANK','ASOKWA BRANCH'),(1374,50643,'NATIONAL INVESTMENT BANK','ASHANTI MAMPONG BRANCH'),(1375,50645,'NATIONAL INVESTMENT BANK','SUAME BRANCH'),(1376,50648,'NATIONAL INVESTMENT BANK','KUMASI CITY MALL BRANCH'),(1377,50650,'NATIONAL INVESTMENT BANK','TANOSO BRANCH'),(1378,50706,'NATIONAL INVESTMENT BANK','SUNYANI BRANCH'),(1379,50715,'NATIONAL INVESTMENT BANK','TECHIMAN BRANCH'),(1380,50725,'NATIONAL INVESTMENT BANK','WENCHI BRANCH'),(1381,50726,'NATIONAL INVESTMENT BANK','KINTAMPO BRANCH'),(1382,50808,'NATIONAL INVESTMENT BANK','TAMALE BRANCH'),(1383,50840,'NATIONAL INVESTMENT BANK','SAWLA BRANCH'),(1384,50842,'NATIONAL INVESTMENT BANK','UDS TAMALE BRANCH'),(1385,50844,'NATIONAL INVESTMENT BANK','YENDI BRANCH'),(1386,50902,'NATIONAL INVESTMENT BANK','BOLGATANGA BRANCH'),(1387,51014,'NATIONAL INVESTMENT BANK','WA BRANCH'),(1388,60101,'UNITED BANK FOR AFRICA (GH) LTD','HEAD OFFICE-RIDGE BRANCH'),(1389,60102,'UNITED BANK FOR AFRICA (GH) LTD','ACCRA CENTRAL BRANCH'),(1390,60103,'UNITED BANK FOR AFRICA (GH) LTD','TEMA BRANCH'),(1391,60106,'UNITED BANK FOR AFRICA (GH) LTD','ABOSSEY OKAI BRANCH'),(1392,60107,'UNITED BANK FOR AFRICA (GH) LTD','RING ROAD BRANCH'),(1393,60108,'UNITED BANK FOR AFRICA (GH) LTD','DZORWULU 1 MOTORWAY BRANCH'),(1394,60109,'UNITED BANK FOR AFRICA (GH) LTD','DZORWULU 2 BRANCH'),(1395,60110,'UNITED BANK FOR AFRICA (GH) LTD','MADINA BRANCH'),(1396,60111,'UNITED BANK FOR AFRICA (GH) LTD','EAST LEGON 1 BRANCH'),(1397,60112,'UNITED BANK FOR AFRICA (GH) LTD','EAST LEGON 2 BRANCH'),(1398,60113,'UNITED BANK FOR AFRICA (GH) LTD','TESHIE BRANCH'),(1399,60114,'UNITED BANK FOR AFRICA (GH) LTD','SPINTEX ROAD BRANCH'),(1400,60119,'UNITED BANK FOR AFRICA (GH) LTD','TEMA INDUSTRIA AREA BRANCH'),(1401,60129,'UNITED BANK FOR AFRICA (GH) LTD','ACHIMOTA BRANCH'),(1402,60402,'UNITED BANK FOR AFRICA (GH) LTD','TAKORADI BRANCH'),(1403,60403,'UNITED BANK FOR AFRICA (GH) LTD','TARKWA BRANCH'),(1404,60405,'UNITED BANK FOR AFRICA (GH) LTD','TAKORADI BRANCH'),(1405,60601,'UNITED BANK FOR AFRICA (GH) LTD','KUMASI-ADUM BRANCH'),(1406,60602,'UNITED BANK FOR AFRICA (GH) LTD','SUAME BRANCH'),(1407,60603,'UNITED BANK FOR AFRICA (GH) LTD','KNUST BRANCH'),(1408,60605,'UNITED BANK FOR AFRICA (GH) LTD','TANOSO BRANCH'),(1409,60606,'UNITED BANK FOR AFRICA (GH) LTD','ALABAR BRANCH'),(1410,60801,'UNITED BANK FOR AFRICA (GH) LTD','TAMALE BRANCH'),(1411,70101,'APEX BANK','HEAD OFFICE-SOUTH RIDGE ACCRA'),(1412,70102,'APEX BANK','ACCRA CENTRE-ACCRA'),(1413,70103,'APEX BANK','NYAKROM RURAL BANK LTD-NYAKROM'),(1414,70104,'APEX BANK','MANYA KROBO RURAL BANK LTD-ODUMASE-KROBO'),(1415,70106,'APEX BANK','ANUM RURAL BANK LTD-ANUM'),(1416,70107,'APEX BANK','AKUAPEM RURAL BANK LTD-MAMFE'),(1417,70108,'APEX BANK','DANGBE RURAL BANK LTD-PRAMPRAM'),(1418,70109,'APEX BANK','SHAI RURAL BANK LTD-DODOWA'),(1419,70110,'APEX BANK','ADA RURAL BANK LTD-KASSEH'),(1420,70111,'APEX BANK','BRAKWA BRAMAN RURAL BANK LTD-BRAKWA'),(1421,70114,'APEX BANK','AGONA RURAL BANK LTD-KWANYAKU'),(1422,70115,'APEX BANK','AKYEPIM RURAL BANK LTD-GOMOA-DAW'),(1423,70116,'APEX BANK','AWUTU EMASA RURAL BANK LTD-AWUMASA'),(1424,70117,'APEX BANK','GA RURAL BANK LTD-AMASAMAN'),(1425,70118,'APEX BANK','ABOKOBI RURAL BANK LTD-ABOKOBI'),(1426,70119,'APEX BANK','BAWJIASE AREA RURAL BANK LTD-AWUTU BAWJIASE'),(1427,70120,'APEX BANK','AGAVE RURAL BANK LTD-DABALE'),(1428,70121,'APEX BANK','MEPE AREA RURAL BANK LTD-MEPE'),(1429,70122,'APEX BANK','UNION RURAL BANK LTD-SENYA BREKU'),(1430,70123,'APEX BANK','ANLO RURAL BANK LTD-ANLOGA'),(1431,70124,'APEX BANK','ODUPONGKPEHE RURAL BANK LTD-KASOA'),(1432,70125,'APEX BANK','LA COMMUNITY BANK LTD-LA'),(1433,70126,'APEX BANK','CEDI HOUSECED HOUSE'),(1434,70127,'APEX BANK','ASUOGYAMAN RURAL BANK LTD-ACCRA'),(1435,70128,'APEX BANK','CITIZEN RURAL BANK LTD-ACCRA'),(1436,70129,'APEX BANK','OYIBI AREA RURAL BANK LIMITED'),(1437,70130,'APEX BANK','MICROFIN RURAL BANK LIMITED'),(1438,70131,'APEX BANK','GOMOA COMMUNITY BANK'),(1439,70201,'APEX BANK','KOFORIDUA CENTRE-KOFORIDUA'),(1440,70203,'APEX BANK','KWAHU RURAL BANK LTD-KWAHU PEPEASE'),(1441,70204,'APEX BANK','SOUTH BIRIM RURAL BANK LTD-ACHIASE'),(1442,70205,'APEX BANK','UPPER MANYA KRO RURAL BANK LTD-ASESEWA'),(1443,70206,'APEX BANK','KWAHU PRASO RURAL BANK LTD-KWAHU PRASO'),(1444,70207,'APEX BANK','ATIWA RURAL BANK LTD-KWABENG'),(1445,70208,'APEX BANK','MUMUADA RURAL BANK LTD-OSINO'),(1446,70209,'APEX BANK','AFRAM RURAL BANK LTD-TEASE'),(1447,70210,'APEX BANK','AKIM BOSOME RURAL BANK LTD-AKIM SWEDRU'),(1448,70211,'APEX BANK','MPONUA RURAL BANK LTD-AMUANA PRASO'),(1449,70212,'APEX BANK','KWAEBIBIREM RURAL BANK LTD-ASUOM'),(1450,70213,'APEX BANK','AKYEM MANSA RURAL BANK LTD-AYIREBI'),(1451,70214,'APEX BANK','SOUTH AKIM RURAL BANK LTD-NANKESE'),(1452,70215,'APEX BANK','ODWEN-ANOMA RURAL BANK LTD-KWEEHWEE'),(1453,70216,'APEX BANK','DUMPONG RURAL BANK LTD-OFRAMASE'),(1454,70217,'APEX BANK','ADONTEN COMMUNITY BANK LTD-NEW TAFO'),(1455,70219,'APEX BANK','SUHUM RURAL BANK'),(1456,70302,'APEX BANK','ENYAN DENKYIRA RURAL BANK LTD-ENYAN DENKYIRA'),(1457,70303,'APEX BANK','KAKUM RURAL BANK LTD-ELMINA'),(1458,70304,'APEX BANK','NYANKUMASE AHENKRO RURAL BANK LTD-FANTI NYANKUMASE'),(1459,70305,'APEX BANK','ASSINMAN RURAL BANK LTD-ASSIN MANSO'),(1460,70306,'APEX BANK','AKATAKYIMAN RURAL BANK LTD-KOMENDA'),(1461,70307,'APEX BANK','EKUMFIMAN RURAL BANK LTD-ESSUEHYIA'),(1462,70308,'APEX BANK','AKOTI RURAL BANK LTD-ASSIN AKROPONG'),(1463,70309,'APEX BANK','TWIFO RURAL BANK LTD-TWIFO AGONA'),(1464,70310,'APEX BANK','MFANTSIMAN COMMUNITY RURAL BANK LTD-BIRIWA'),(1465,70401,'APEX BANK','TAKORADI CENTRE-TAKORADI'),(1466,70402,'APEX BANK','ANKOBRA WEST (ESIAMA) RURAL BANK LTD-ESIAMA'),(1467,70403,'APEX BANK','AMENFIMAN RURAL BANK LTD-WASSA AKROPONG'),(1468,70404,'APEX BANK','NZEMA MANLE RURAL BANK LTD-AWIEBO'),(1469,70405,'APEX BANK','JAPEX BANK - OMORO RURAL BANK LTD-TIKOBO NO. 1'),(1470,70406,'APEX BANK','LOWER PRA RURAL BANK LTD-SHAMA'),(1471,70407,'APEX BANK','FIASEMAN (BOGOSO AREA) RURAL BANK LTD-BOGOSO'),(1472,70409,'APEX BANK','AHANTAMAN RURAL BANK LTD-AGONA NKWANTA'),(1473,70502,'APEX BANK','NORTH TONGU RURAL BANK LTD-ADIDOME'),(1474,70503,'APEX BANK','AVENOR RURAL BANK LTD-AKATSI'),(1475,70504,'APEX BANK','UNITY RURAL BANK LTD-ZIOPE'),(1476,70505,'APEX BANK','WETO RURAL BANK LTD-KPEVE'),(1477,70506,'APEX BANK','BUTAWU RURAL BANK LTD-HO'),(1478,70601,'APEX BANK','KUMASI'),(1479,70602,'APEX BANK','ATWIMA RURAL BANK LTD-FOASE'),(1480,70603,'APEX BANK','SEKYEDUMASI RURAL BANK LTD-SEKYEDUMASI'),(1481,70604,'APEX BANK','ASOKORE RURAL BANK LTD-ASOKRE'),(1482,70605,'APEX BANK','ASANTE AKYEM RURAL BANK LTD-JUANSA'),(1483,70606,'APEX BANK','KWAMANMAN RURAL BANK LTD-KWAMANG'),(1484,70607,'APEX BANK','ADANSI RURAL BANK LTD-FOMENA'),(1485,70608,'APEX BANK','KUMAWUMAN RURAL BANK LTD-KUMAWU'),(1486,70609,'APEX BANK','AKROFUOM AREA RURAL BANK LTD-AKROFUOM'),(1487,70610,'APEX BANK','AHAFO ANO PREMIER RURAL BANK LTD-WIOSO'),(1488,70611,'APEX BANK','BOSOMTWI RURAL BANK LTD-KUNTANASE'),(1489,70612,'APEX BANK','OKOMFO ANOKYE RURAL BANK LTD-WIAMOASE'),(1490,70613,'APEX BANK','DENKYIRAMAN RURAL BANK LTD-AYAMFURI'),(1491,70614,'APEX BANK','ASAWINSO RURAL BANK LTD-SEFWI-ASAWINSO'),(1492,70615,'APEX BANK','ODOTOBRI RURAL BANK LTD-JACOBU'),(1493,70616,'APEX BANK','ATWIMA KWANWOMA RURAL BANK LTD-PAKYI NO. 2'),(1494,70618,'APEX BANK','SEKYERE RURAL BANK LTD-JAMASI'),(1495,70619,'APEX BANK','AMANANO RURAL BANK LTD-NYINAHIM'),(1496,70620,'APEX BANK','AMASIE WEST RURAL BANK LTD-ANTOAKROM'),(1497,70621,'APEX BANK','JUABEN RURAL BANK LTD-JUABEN'),(1498,70622,'APEX BANK','YAPRA RURAL BANK LTD-PRANG'),(1499,70623,'APEX BANK','NWABIAGYA RURAL BANK LTD-BAREKESE'),(1500,70624,'APEX BANK','ATWIMA MPONUA RURAL BANK LTD-TOASE'),(1501,70625,'APEX BANK','OTUASEKAN RURAL BANK LTD-KOFIASE'),(1502,70626,'APEX BANK','UPPER AMENFI RURAL BANK LTD-ANKWAWSO'),(1503,70627,'APEX BANK','BIA-TORYA RURAL BANK LTD-BONSU-NKWANTA'),(1504,70628,'APEX BANK','AMATIN AND KASEI COMMUNITY BANK LTD-KASEI'),(1505,70629,'APEX BANK','NSUTAMAN RURAL BANK LTD-NSUTA'),(1506,70630,'APEX BANK','SEFWIMAN RURAL BANK LTD-SEFWI-ASAW'),(1507,70631,'APEX BANK','OFFINSO RURAL BANK LTD-KUMASI'),(1508,70632,'APEX BANK','EJURAMAN RURAL BANK LTD-KUMASI'),(1509,70633,'APEX BANK','BOSOME FREHO RURAL BANK LTD-KUMASI'),(1510,70635,'APEX BANK','YAA ASANTEWAA RURAL BANK LTD'),(1511,70636,'APEX BANK','TEPAMAN RURAL BANK LTD - TEPAMAN'),(1512,70637,'APEX BANK','ASOKORE MAMPONG RURAL BANK'),(1513,70638,'APEX BANK','AKUMADAN RURAL BANK'),(1514,70701,'APEX BANK','SUNYANI CENTRE-SUNYANI'),(1515,70702,'APEX BANK','KINTAMPO RURAL BANK LTD-KINTAMPO'),(1516,70703,'APEX BANK','WAMFIE RURAL BANK LTD-WAMFIE'),(1517,70704,'APEX BANK','SUMA RURAL BANK LTD-SUMA AHENKRO'),(1518,70706,'APEX BANK','ASUTIFI RURAL BANK LTD-ACERENSUA'),(1519,70707,'APEX BANK','NKORANZA KWABRE RURAL BANK LTD-AKUMA'),(1520,70708,'APEX BANK','FIAGYA RURAL BANK LTD-BUSUNYA'),(1521,70709,'APEX BANK','BOMAA AREA RURAL BANK LTD-BOMAA'),(1522,70710,'APEX BANK','BADUMAN RURAL BANK LTD-BADU'),(1623,70711,'APEX BANK','NSOATREMAN RURAL BANK LTD-NSOATRE'),(1624,70712,'APEX BANK','DERMA RURAL BANK LTD-DERMA'),(1625,70714,'APEX BANK','NKORANMAN RURAL BANK LTD-SEIKWA'),(1626,70715,'APEX BANK','KAASEMAN RURAL BANK LTD-KAASE'),(1627,70716,'APEX BANK','AHAFO COMMUNITY RURAL BANK LTD-KUKUOM'),(1628,70717,'APEX BANK','DROBO COMMUNITY RURAL BANK LTD-DROBO'),(1629,70718,'APEX BANK','NAFANA RURAL BANK LTD-SAMPA'),(1630,70719,'APEX BANK','CAPITAL RURAL BANK LTD-ABESIM'),(1631,70720,'APEX BANK','ATWEABAN RURAL BANK LTD-SUNYANI'),(1632,70721,'APEX BANK','NKRANKWANTA RURAL BANK LTD-SUNYANI'),(1633,70722,'APEX BANK','WENCHI RURAL BANK LTD'),(1634,70723,'APEX BANK','BOMOSADU RURAL BANK LTD'),(1635,70801,'APEX BANK','TAMALE CENTRE-TAMALE'),(1636,70802,'APEX BANK','BONZALI RURAL BANK LTD-KUMBUNGU'),(1637,70803,'APEX BANK','BORIMANGA RURAL BANK LTD-SAVELEGU'),(1638,70804,'APEX BANK','BUWUULONSO RURAL BANK LTD-TAMALE'),(1639,70805,'APEX BANK','TIZAA RURAL BANK LTD-TAMALE'),(1640,70806,'APEX BANK','ZABZUGU RURAL BANK LTD'),(1641,70901,'APEX BANK','BOLGA CENTRE-BOLGATANGA'),(1642,70902,'APEX BANK','NAARA RURAL BANK LTD-PAGA'),(1643,70903,'APEX BANK','BESSFA RURAL BANK LTD-GARU'),(1644,70904,'APEX BANK','WEST MANPRUSI COMMUNITY BANK LTD-WALEWALE'),(1645,70905,'APEX BANK','EAST MANPRUSI COMMUNITY BABK LTD-GAMBAGA'),(1646,70906,'APEX BANK','BUILSA COMMUNITY BANK LTD-SANDEMA'),(1647,70907,'APEX BANK','TOENDE RURAL BANK LTD-ZIBILLA'),(1648,70908,'APEX BANK','BONGO RURAL BANK LTD-BOLGATANGA'),(1649,71001,'APEX BANK','WA CENTRE-WA'),(1650,71002,'APEX BANK','NANDOM RURAL BANK LTD-NANDOM'),(1651,71003,'APEX BANK','SONZELE RURAL BANK LTD-JIRAPA'),(1652,71004,'APEX BANK','SISSALA RURAL BANK LTD-TUMA'),(1653,71005,'APEX BANK','LAWRA RURAL BANK LTD-WA'),(1654,71101,'APEX BANK','HOHOE CENTRE-HOHOE'),(1655,71102,'APEX BANK','NORTH VOLTA RURAL BANK LTD-GUAMAN'),(1656,71103,'APEX BANK','ASUBONTEN RURAL BANK LTD-WORAWORA'),(1657,71104,'APEX BANK','GBI RURAL BANK LTD-HOHOE'),(1658,71105,'APEX BANK','KPASSA RURAL BANK LTD-HOHOE'),(1659,71106,'APEX BANK','KAAKYE RURAL BANK LTD BRANCH'),(1660,71107,'APEX BANK','FREROL RURAL BANK LTD'),(1661,80010,'AGRICULTURAL DEVELOPMENT BANK','CORPORATE BANKING'),(1662,80020,'AGRICULTURAL DEVELOPMENT BANK','CONSUMER BANKING'),(1663,80030,'AGRICULTURAL DEVELOPMENT BANK','PARASTATALS'),(1664,80040,'AGRICULTURAL DEVELOPMENT BANK','AGRIC FINANCING'),(1665,80050,'AGRICULTURAL DEVELOPMENT BANK','COMMERCIAL BANKING'),(1666,80060,'AGRICULTURAL DEVELOPMENT BANK','AGRIC VALUE CHAIN'),(1667,80070,'AGRICULTURAL DEVELOPMENT BANK','BUSINESS FINANCE'),(1668,80100,'AGRICULTURAL DEVELOPMENT BANK','HEAD OFFICE BRANCH'),(1669,80101,'AGRICULTURAL DEVELOPMENT BANK','RING ROAD CENTRAL BRANCH'),(1670,80102,'AGRICULTURAL DEVELOPMENT BANK','ADABRAKA BRANCH'),(1671,80103,'AGRICULTURAL DEVELOPMENT BANK','TEMA BRANCH'),(1672,80104,'AGRICULTURAL DEVELOPMENT BANK','TESHIE BRANCH'),(1673,80105,'AGRICULTURAL DEVELOPMENT BANK','KANESHIE BRANCH'),(1674,80106,'AGRICULTURAL DEVELOPMENT BANK','CEDI HOUSE BRANCH'),(1675,80107,'AGRICULTURAL DEVELOPMENT BANK','INTERNATIONAL BANKING'),(1676,80108,'AGRICULTURAL DEVELOPMENT BANK','GULF HOUSE BRANCH'),(1677,80109,'AGRICULTURAL DEVELOPMENT BANK','DANSOMAN BRANCH'),(1678,80110,'AGRICULTURAL DEVELOPMENT BANK','NUNGUA BRANCH'),(1679,80111,'AGRICULTURAL DEVELOPMENT BANK','KORKORDZOR BRANCH'),(1680,80112,'AGRICULTURAL DEVELOPMENT BANK','OSU BRANCH'),(1681,80113,'AGRICULTURAL DEVELOPMENT BANK','MADINA BRANCH'),(1682,80114,'AGRICULTURAL DEVELOPMENT BANK','ABEKALAPAZ BRANCH'),(1683,80115,'AGRICULTURAL DEVELOPMENT BANK','AGONA SWEDRU BRANCH'),(1684,80116,'AGRICULTURAL DEVELOPMENT BANK','ADB HOUSE BRANCH'),(1685,80117,'AGRICULTURAL DEVELOPMENT BANK','ACHIMOTA BRANCH'),(1686,80118,'AGRICULTURAL DEVELOPMENT BANK','SPINTEX ROAD BRANCH'),(1687,80119,'AGRICULTURAL DEVELOPMENT BANK','MAKOLA BRANCH'),(1688,80120,'AGRICULTURAL DEVELOPMENT BANK','ACCRA NEW TOWN BRANCH'),(1689,80121,'AGRICULTURAL DEVELOPMENT BANK','TEMA MERIDIAN BRANCH'),(1690,80124,'AGRICULTURAL DEVELOPMENT BANK','ASHIAMAN BRANCH'),(1691,80125,'AGRICULTURAL DEVELOPMENT BANK','DANQUAH CIRCLE BRANCH'),(1692,80126,'AGRICULTURAL DEVELOPMENT BANK','NIMA BRANCH'),(1693,80127,'AGRICULTURAL DEVELOPMENT BANK','KASOA BRANCH'),(1694,80128,'AGRICULTURAL DEVELOPMENT BANK','WINNEBA BRANCH'),(1695,80129,'AGRICULTURAL DEVELOPMENT BANK','DIAMOND CEMENT BRANCH'),(1696,80221,'AGRICULTURAL DEVELOPMENT BANK','KOFORIDUA BRANCH'),(1697,80222,'AGRICULTURAL DEVELOPMENT BANK','SUHUM BRANCH'),(1698,80223,'AGRICULTURAL DEVELOPMENT BANK','NKAWKAW BRANCH'),(1699,80229,'AGRICULTURAL DEVELOPMENT BANK','ASIAKWA BRANCH'),(1700,80230,'AGRICULTURAL DEVELOPMENT BANK','KADE BRANCH'),(1701,80331,'AGRICULTURAL DEVELOPMENT BANK','CAPE COAST BRANCH'),(1702,80332,'AGRICULTURAL DEVELOPMENT BANK','ASSIN FOSO BRANCH'),(1703,80333,'AGRICULTURAL DEVELOPMENT BANK','UCC BRANCH'),(1704,80334,'AGRICULTURAL DEVELOPMENT BANK','MANKESSIM BRANCH'),(1705,80441,'AGRICULTURAL DEVELOPMENT BANK','TAKORADI BRANCH'),(1706,80444,'AGRICULTURAL DEVELOPMENT BANK','ENCHI BRANCH'),(1707,80445,'AGRICULTURAL DEVELOPMENT BANK','TAKORADI HARBOUR BRANCH'),(1708,80446,'AGRICULTURAL DEVELOPMENT BANK','AGONA NKWANTA BRANCH'),(1709,80447,'AGRICULTURAL DEVELOPMENT BANK','GREL'),(1710,80448,'AGRICULTURAL DEVELOPMENT BANK','JUABOSO BRANCH'),(1711,80552,'AGRICULTURAL DEVELOPMENT BANK','HO BRANCH'),(1712,80553,'AGRICULTURAL DEVELOPMENT BANK','KPANDO BRANCH'),(1713,80554,'AGRICULTURAL DEVELOPMENT BANK','NKWANTA BRANCH'),(1714,80555,'AGRICULTURAL DEVELOPMENT BANK','DENU BRANCH'),(1715,80556,'AGRICULTURAL DEVELOPMENT BANK','JUAPONG BRANCH'),(1716,80557,'AGRICULTURAL DEVELOPMENT BANK','SOGAKOPE BRANCH'),(1717,80558,'AGRICULTURAL DEVELOPMENT BANK','KPEVE BRANCH'),(1718,80559,'AGRICULTURAL DEVELOPMENT BANK','KPASSA BRANCH'),(1719,80661,'AGRICULTURAL DEVELOPMENT BANK','KUMASI ADUM BRANCH'),(1720,80662,'AGRICULTURAL DEVELOPMENT BANK','BEKWAI BRANCH'),(1721,80663,'AGRICULTURAL DEVELOPMENT BANK','NEW EDUBIASE BRANCH'),(1722,80664,'AGRICULTURAL DEVELOPMENT BANK','OBUASI BRANCH'),(1723,80665,'AGRICULTURAL DEVELOPMENT BANK','KUMASI CENTRAL MARKET BRANCH'),(1724,80666,'AGRICULTURAL DEVELOPMENT BANK','KUMASI ASOKWA BRANCH'),(1725,80667,'AGRICULTURAL DEVELOPMENT BANK','KUMASI PREMPEH 11 STREET BRANCH'),(1726,80668,'AGRICULTURAL DEVELOPMENT BANK','AMAKOM BRANCH'),(1727,80684,'AGRICULTURAL DEVELOPMENT BANK','SEFWI WIAWSO BRANCH'),(1728,80685,'AGRICULTURAL DEVELOPMENT BANK','ATEBUBU BRANCH'),(1729,80686,'AGRICULTURAL DEVELOPMENT BANK','BONSO NKWANTA BRANCH'),(1730,80687,'AGRICULTURAL DEVELOPMENT BANK','SEFWI ESSAM BRANCH'),(1731,80771,'AGRICULTURAL DEVELOPMENT BANK','SUNYANI BRANCH'),(1732,80772,'AGRICULTURAL DEVELOPMENT BANK','DORMAA AHENKRO BRANCH'),(1733,80774,'AGRICULTURAL DEVELOPMENT BANK','BEREKUM BRANCH'),(1734,80775,'AGRICULTURAL DEVELOPMENT BANK','NKORANSAH BRANCH'),(1735,80776,'AGRICULTURAL DEVELOPMENT BANK','TECHIMAN BRANCH'),(1736,80777,'AGRICULTURAL DEVELOPMENT BANK','GOASO BRANCH'),(1737,80778,'AGRICULTURAL DEVELOPMENT BANK','KWAPONG BRANCH'),(1738,80779,'AGRICULTURAL DEVELOPMENT BANK','KENYASE BRANCH'),(1739,80881,'AGRICULTURAL DEVELOPMENT BANK','TAMALE BRANCH'),(1740,80882,'AGRICULTURAL DEVELOPMENT BANK','TAMALE ABOABO BRANCH'),(1741,80883,'AGRICULTURAL DEVELOPMENT BANK','YENDI BRANCH'),(1742,80888,'AGRICULTURAL DEVELOPMENT BANK',' BOLE BRANCH'),(1743,80889,'AGRICULTURAL DEVELOPMENT BANK',' KALADAN BRANCH'),(1744,80890,'AGRICULTURAL DEVELOPMENT BANK',' BUIPE BRANCH'),(1745,80897,'AGRICULTURAL DEVELOPMENT BANK',' SAVELUGU BRANCH'),(1746,80991,'AGRICULTURAL DEVELOPMENT BANK','BOLGATANGA BRANCH'),(1747,80992,'AGRICULTURAL DEVELOPMENT BANK','BAWKU BRANCH'),(1748,80993,'AGRICULTURAL DEVELOPMENT BANK','NAVRONGO BRANCH'),(1749,80994,'AGRICULTURAL DEVELOPMENT BANK',' TUMU BRANCH'),(1750,80995,'AGRICULTURAL DEVELOPMENT BANK','WA BRANCH'),(1751,80996,'AGRICULTURAL DEVELOPMENT BANK',' WALEWALE BRANCH'),(1752,81095,'AGRICULTURAL DEVELOPMENT BANK',' WA BRANCH'),(1753,81151,'AGRICULTURAL DEVELOPMENT BANK','HOHOE BRANCH'),(1754,90101,'SOCIETE GENERAL GHANA LTD',' ACCRA MAIN BRANCH'),(1755,90102,'SOCIETE GENERAL GHANA LTD',' NORTH INDUSTRIAL AREA BRANCH'),(1756,90103,'SOCIETE GENERAL GHANA LTD',' TUDU BRANCH'),(1757,90104,'SOCIETE GENERAL GHANA LTD',' ACCRA NEW TOWN BRANCH'),(1758,90105,'SOCIETE GENERAL GHANA LTD',' FAANOFA BRANCH'),(1759,90106,'SOCIETE GENERAL GHANA LTD',' TEMA COMMUNITY TWO'),(1760,90107,'SOCIETE GENERAL GHANA LTD',' OSU BRANCH'),(1761,90108,'SOCIETE GENERAL GHANA LTD',' OKAISHIE'),(1762,90109,'SOCIETE GENERAL GHANA LTD',' KANASHIE'),(1763,90110,'SOCIETE GENERAL GHANA LTD',' TEMA FISHING HARBOUR'),(1764,90114,'SOCIETE GENERAL GHANA LTD',' PREMIER TOWERS'),(1765,90115,'SOCIETE GENERAL GHANA LTD',' HEAD OFFICE'),(1766,90117,'SOCIETE GENERAL GHANA LTD',' SPINTEX ROAD BRANCH'),(1767,90118,'SOCIETE GENERAL GHANA LTD',' MADINA BRANCH'),(1768,90119,'SOCIETE GENERAL GHANA LTD',' KASOA BRANCH'),(1769,90120,'SOCIETE GENERAL GHANA LTD',' TEMA COMMUNITY ONE BRANCH'),(1770,90121,'SOCIETE GENERAL GHANA LTD',' ASHIAMAN BRANCH'),(1771,90122,'SOCIETE GENERAL GHANA LTD',' EAST LEGON BRANCH'),(1772,90123,'SOCIETE GENERAL GHANA LTD',' AIRPORT CITY BRANCH'),(1773,90124,'SOCIETE GENERAL GHANA LTD',' DANSOMAN BRANCH'),(1774,90125,'SOCIETE GENERAL GHANA LTD','KANESHIE MARKET BRANCH'),(1775,90126,'SOCIETE GENERAL GHANA LTD','ACHIMOTA BRANCH'),(1776,90201,'SOCIETE GENERAL GHANA LTD',' KOFORIDUA'),(1777,90202,'SOCIETE GENERAL GHANA LTD',' AKIM ODA BRANCH'),(1778,90301,'SOCIETE GENERAL GHANA LTD',' CAPE COAST BRANCH'),(1779,90302,'SOCIETE GENERAL GHANA LTD',' DUNKWA BRANCH'),(1780,90401,'SOCIETE GENERAL GHANA LTD',' TAKORADI BRANCH'),(1781,90404,'SOCIETE GENERAL GHANA LTD',' TARKWA BRANCH'),(1782,90411,'SOCIETE GENERAL GHANA LTD',' TAKORADI MARKET CIRCLE BRANCH'),(1783,90501,'SOCIETE GENERAL GHANA LTD',' HO BRANCH'),(1784,90601,'SOCIETE GENERAL GHANA LTD',' ADUM BRANCH'),(1785,90602,'SOCIETE GENERAL GHANA LTD',' KUMASI CENTRAL BRANCH'),(1786,90603,'SOCIETE GENERAL GHANA LTD',' BIBIANI BRANCH'),(1787,90605,'SOCIETE GENERAL GHANA LTD',' ASAFO BRANCH'),(1788,90606,'SOCIETE GENERAL GHANA LTD',' SUAMI BRANCH'),(1789,90607,'SOCIETE GENERAL GHANA LTD',' KEJETIA BRANCH'),(1790,90701,'SOCIETE GENERAL GHANA LTD',' SUNYANI BRANCH'),(1791,90741,'SOCIETE GENERAL GHANA LTD',' BEREKUM BRANCH'),(1792,90801,'SOCIETE GENERAL GHANA LTD',' TAMALE BRANCH'),(1793,90901,'SOCIETE GENERAL GHANA LTD',' BOLGATANGA BRANCH'),(1794,91001,'SOCIETE GENERAL GHANA LTD',' WA BRANCH'),(1795,100101,'UNIVERSAL MERCHANT BANK (GH) LTD','ACCRA BRANCH'),(1796,100102,'UNIVERSAL MERCHANT BANK (GH) LTD','TEMA BRANCH'),(1797,100103,'UNIVERSAL MERCHANT BANK (GH) LTD','RIDGE BRANCH'),(1798,100104,'UNIVERSAL MERCHANT BANK (GH) LTD','ADABRAKA'),(1799,100105,'UNIVERSAL MERCHANT BANK (GH) LTD','KANESHIE'),(1800,100106,'UNIVERSAL MERCHANT BANK (GH) LTD','ABEKA BRANCH'),(1801,100107,'UNIVERSAL MERCHANT BANK (GH) LTD','NORTH INDUSTRIAL'),(1802,100108,'UNIVERSAL MERCHANT BANK (GH) LTD','TEMA EAST'),(1803,100109,'UNIVERSAL MERCHANT BANK (GH) LTD','ACHIMOTA'),(1804,100110,'UNIVERSAL MERCHANT BANK (GH) LTD','ABOSEY OKAI'),(1805,100111,'UNIVERSAL MERCHANT BANK (GH) LTD','SOUTH INDUSTRIAL AREA'),(1806,100112,'UNIVERSAL MERCHANT BANK (GH) LTD','OSU'),(1807,100113,'UNIVERSAL MERCHANT BANK (GH) LTD',' LABONE'),(1808,100114,'UNIVERSAL MERCHANT BANK (GH) LTD','AIRPORT CITY'),(1809,100115,'UNIVERSAL MERCHANT BANK (GH) LTD',' JUNCTION MALL BRANCH'),(1810,100116,'UNIVERSAL MERCHANT BANK (GH) LTD',' East Legon Branch'),(1811,100117,'UNIVERSAL MERCHANT BANK (GH) LTD',' OXFORD STREET'),(1812,100118,'UNIVERSAL MERCHANT BANK (GH) LTD',' SPINTEX ROAD'),(1813,100119,'UNIVERSAL MERCHANT BANK (GH) LTD',' SAKAMAN BRANCH'),(1814,100122,'UNIVERSAL MERCHANT BANK (GH) LTD','MADINA'),(1815,100204,'UNIVERSAL MERCHANT BANK (GH) LTD','KOFORIDUA'),(1816,100401,'UNIVERSAL MERCHANT BANK (GH) LTD','TAKORADI'),(1817,100402,'UNIVERSAL MERCHANT BANK (GH) LTD','TARKWA'),(1818,100501,'UNIVERSAL MERCHANT BANK (GH) LTD',' KASOA'),(1819,100601,'UNIVERSAL MERCHANT BANK (GH) LTD','KUMASI'),(1820,100602,'UNIVERSAL MERCHANT BANK (GH) LTD','BIBIANI'),(1821,100603,'UNIVERSAL MERCHANT BANK (GH) LTD','ASAFO'),(1822,100604,'UNIVERSAL MERCHANT BANK (GH) LTD','BANTAMA'),(1823,100605,'UNIVERSAL MERCHANT BANK (GH) LTD','ADUM'),(1824,100606,'UNIVERSAL MERCHANT BANK (GH) LTD','KONONGO'),(1825,100701,'UNIVERSAL MERCHANT BANK (GH) LTD','TECHIMAN'),(1826,100801,'UNIVERSAL MERCHANT BANK (GH) LTD','TAMALE'),(1827,110100,'REPUBLIC BANK (GH) LTD','REPUBLIC BANK'),(1828,110101,'REPUBLIC BANK (GH) LTD','EBANKESE BRANCH'),(1829,110103,'REPUBLIC BANK (GH) LTD','ACCRA CENTRAL'),(1830,110104,'REPUBLIC BANK (GH) LTD','RIDGE'),(1831,110105,'REPUBLIC BANK (GH) LTD','TEMA'),(1832,110107,'REPUBLIC BANK (GH) LTD','LEGON'),(1833,110108,'REPUBLIC BANK (GH) LTD','ABOSEY OKAI'),(1834,110109,'REPUBLIC BANK (GH) LTD','TUDU'),(1835,110116,'REPUBLIC BANK (GH) LTD',' BAATSONA'),(1836,110117,'REPUBLIC BANK (GH) LTD','PRIVATE BANKING'),(1837,110118,'REPUBLIC BANK (GH) LTD','ASHIAMAN'),(1838,110119,'REPUBLIC BANK (GH) LTD','POST OFFICE SQUARE BRANCH'),(1839,110120,'REPUBLIC BANK (GH) LTD',' ADABRAKA BRANCH'),(1840,110121,'REPUBLIC BANK (GH) LTD',' DANSOMAN BRANCH'),(1841,110122,'REPUBLIC BANK (GH) LTD',' ACCRA NEW TOWN'),(1842,110123,'REPUBLIC BANK (GH) LTD',' MADINA'),(1843,110124,'REPUBLIC BANK (GH) LTD',' ACHIMOTA'),(1844,110126,'REPUBLIC BANK (GH) LTD','ADJIRIGANO BRANCH'),(1845,110127,'REPUBLIC BANK (GH) LTD',' Community 25'),(1846,110215,'REPUBLIC BANK (GH) LTD','KOFORIDUA'),(1847,110216,'REPUBLIC BANK (GH) LTD','ASAMANKESE BRANCH'),(1848,110301,'REPUBLIC BANK (GH) LTD',' KASOA BRANCH'),(1849,110302,'REPUBLIC BANK (GH) LTD','SWEDRU BRANCH'),(1850,110303,'REPUBLIC BANK (GH) LTD',' CAPE COAST BRANCH'),(1851,110304,'REPUBLIC BANK (GH) LTD','WINNEBA'),(1852,110401,'REPUBLIC BANK (GH) LTD','TAKORADI'),(1853,110402,'REPUBLIC BANK (GH) LTD','SEFWI WIAWSO'),(1854,110403,'REPUBLIC BANK (GH) LTD','SEFWI BEKWAI'),(1855,110404,'REPUBLIC BANK (GH) LTD',' JUABESO'),(1856,110405,'REPUBLIC BANK (GH) LTD',' AKONTOMBRA'),(1857,110406,'REPUBLIC BANK (GH) LTD',' ESSAM'),(1858,110407,'REPUBLIC BANK (GH) LTD','ASEMPANAYE'),(1859,110409,'REPUBLIC BANK (GH) LTD',' ASANKRAGWA'),(1860,110601,'REPUBLIC BANK (GH) LTD','KUMASI'),(1861,110604,'REPUBLIC BANK (GH) LTD','KUMASI MAGAZINE BRANCH'),(1862,110605,'REPUBLIC BANK (GH) LTD',' ASOKWA'),(1863,110613,'REPUBLIC BANK (GH) LTD','KNUST'),(1864,110710,'REPUBLIC BANK (GH) LTD','TECHIMAN'),(1865,110711,'REPUBLIC BANK (GH) LTD',' GOASO'),(1866,110814,'REPUBLIC BANK (GH) LTD','TAMALE'),(1867,110901,'REPUBLIC BANK (GH) LTD',' BOLGA'),(1869,120102,'ZENITH BANK','PATRICE LUMUMBA ROAD'),(1870,120103,'ZENITH BANK','TEMA COMMUNITY 1'),(1871,120104,'ZENITH BANK','KOJO THOMPSON ROAD BRANCH'),(1872,120105,'ZENITH BANK',' SPINTEX'),(1873,120106,'ZENITH BANK','GRAPHIC ROAD'),(1874,120107,'ZENITH BANK','NORTH INDUSTRIAL AREA'),(1875,120108,'ZENITH BANK','LABONE'),(1876,120109,'ZENITH BANK','EAST LEGON'),(1877,120110,'ZENITH BANK','TEMA INDUSTRIAL AREA'),(1878,120111,'ZENITH BANK','ACHIMOTA BRANCH'),(1879,120112,'ZENITH BANK','AKOSOMBO BRANCH'),(1880,120113,'ZENITH BANK',' TEMA METRO BRANCH'),(1881,120114,'ZENITH BANK',' FREE ZONES BRANCH'),(1882,120115,'ZENITH BANK',' TRADE FAIR BRANCH'),(1883,120116,'ZENITH BANK',' SAKAMAN BRANCH'),(1884,120117,'ZENITH BANK','PREMIER TOWERS BRANCH'),(1885,120201,'ZENITH BANK',' KOFORIDUA BRANCH'),(1886,120301,'ZENITH BANK',' CAPE COAST BRANCH'),(1887,120401,'ZENITH BANK','TAKORADI MAIN'),(1888,120402,'ZENITH BANK','TAKORADI HABOUR BRANCH'),(1889,120403,'ZENITH BANK',' TARKWA'),(1890,120501,'ZENITH BANK',' Ho Branch'),(1891,120601,'ZENITH BANK','KUMASI MAIN'),(1892,120602,'ZENITH BANK',' Adum'),(1893,120603,'ZENITH BANK',' SUAME BRANCH'),(1894,120701,'ZENITH BANK','SUNYANI'),(1895,120801,'ZENITH BANK','Tamale'),(1896,130101,'ECOBANK GHANA LTD','HEAD OFFICE BRANCH BRANCH'),(1897,130102,'ECOBANK GHANA LTD','TEMA BRANCH BRANCH'),(1898,130103,'ECOBANK GHANA LTD','RING ROAD CENTRAL BRANCH'),(1899,130104,'ECOBANK GHANA LTD','TUDU BRANCH'),(1900,130105,'ECOBANK GHANA LTD','SILVER STAR BRANCH'),(1901,130106,'ECOBANK GHANA LTD','OSU BRANCH'),(1902,130107,'ECOBANK GHANA LTD','A AND C BRANCH'),(1903,130108,'ECOBANK GHANA LTD','TEMA LONG ROOM BRANCH'),(1904,130109,'ECOBANK GHANA LTD','McCARTHY HILL BRANCH'),(1905,130110,'ECOBANK GHANA LTD',' ROMAN RIDGE BRANCH'),(1906,130111,'ECOBANK GHANA LTD','ABEKA LAPAZ BRANCH'),(1907,130112,'ECOBANK GHANA LTD','DANSOMAN BRANCH'),(1908,130113,'ECOBANK GHANA LTD','TEMA COMMUNITY 6 BRANCH'),(1909,130114,'ECOBANK GHANA LTD','DARKUMAN BRANCH'),(1910,130115,'ECOBANK GHANA LTD','LEGON BRANCH'),(1911,130116,'ECOBANK GHANA LTD','SOUTH INDUSTRIAL AREA(SIA) BRANCH'),(1912,130117,'ECOBANK GHANA LTD','SPINTEX BRANCH'),(1913,130118,'ECOBANK GHANA LTD','ACCRA SHOPPING MALL BRANCH'),(1914,130119,'ECOBANK GHANA LTD','TEMA SHOPPING MALL BRANCH'),(1915,130120,'ECOBANK GHANA LTD','WEIJA BRANCH'),(1916,130121,'ECOBANK GHANA LTD','ACHIMOTA MILE 7 BRANCH'),(1917,130122,'ECOBANK GHANA LTD','MADINA BRANCH'),(1918,130123,'ECOBANK GHANA LTD','HAATSOO BRANCH'),(1919,130124,'ECOBANK GHANA LTD','WESTLANDS BRANCH'),(1920,130125,'ECOBANK GHANA LTD','MOTOR WAY ROUNDABOUT BRANCH'),(1921,120101,'ZENITH BANK','PREMIER TOWERS'),(1923,119034,'GURUNGUM R&D INVESTORATE','MAIN BRANCH');
/*!40000 ALTER TABLE `banks_branches` ENABLE KEYS */;
UNLOCK TABLES;

--
-- Table structure for table `claim_approval_stages`
--

DROP TABLE IF EXISTS `claim_approval_stages`;
/*!40101 SET @saved_cs_client     = @@character_set_client */;
/*!40101 SET character_set_client = utf8 */;
CREATE TABLE `claim_approval_stages` (
  `stageId` int(11) NOT NULL AUTO_INCREMENT,
  `claimId` int(11) NOT NULL,
  `stage` int(11) NOT NULL,
  `status` varchar(20) NOT NULL DEFAULT 'Pending',
  `time_approved` timestamp NULL DEFAULT NULL,
  `time_rejected` timestamp NULL DEFAULT NULL,
  `time_updated` timestamp NOT NULL DEFAULT CURRENT_TIMESTAMP ON UPDATE CURRENT_TIMESTAMP,
  PRIMARY KEY (`stageId`)
) ENGINE=InnoDB AUTO_INCREMENT=76 DEFAULT CHARSET=latin1;
/*!40101 SET character_set_client = @saved_cs_client */;

--
-- Dumping data for table `claim_approval_stages`
--

LOCK TABLES `claim_approval_stages` WRITE;
/*!40000 ALTER TABLE `claim_approval_stages` DISABLE KEYS */;
/*!40000 ALTER TABLE `claim_approval_stages` ENABLE KEYS */;
UNLOCK TABLES;
/*!50003 SET @saved_cs_client      = @@character_set_client */ ;
/*!50003 SET @saved_cs_results     = @@character_set_results */ ;
/*!50003 SET @saved_col_connection = @@collation_connection */ ;
/*!50003 SET character_set_client  = utf8mb4 */ ;
/*!50003 SET character_set_results = utf8mb4 */ ;
/*!50003 SET collation_connection  = utf8mb4_unicode_ci */ ;
/*!50003 SET @saved_sql_mode       = @@sql_mode */ ;
/*!50003 SET sql_mode              = '' */ ;
DELIMITER ;;
/*!50003 CREATE*/ /* 50017 DEFINER=`doc-app`@`%`*/ /*!50003 TRIGGER before_claim_insert
BEFORE INSERT ON claim_approval_stages
FOR EACH ROW
BEGIN
    -- Set time_updated to NOW() for new rows
    SET NEW.time_updated = NOW();
END */;;
DELIMITER ;
/*!50003 SET sql_mode              = @saved_sql_mode */ ;
/*!50003 SET character_set_client  = @saved_cs_client */ ;
/*!50003 SET character_set_results = @saved_cs_results */ ;
/*!50003 SET collation_connection  = @saved_col_connection */ ;
/*!50003 SET @saved_cs_client      = @@character_set_client */ ;
/*!50003 SET @saved_cs_results     = @@character_set_results */ ;
/*!50003 SET @saved_col_connection = @@collation_connection */ ;
/*!50003 SET character_set_client  = utf8mb4 */ ;
/*!50003 SET character_set_results = utf8mb4 */ ;
/*!50003 SET collation_connection  = utf8mb4_unicode_ci */ ;
/*!50003 SET @saved_sql_mode       = @@sql_mode */ ;
/*!50003 SET sql_mode              = '' */ ;
DELIMITER ;;
/*!50003 CREATE*/ /* 50017 DEFINER=`doc-app`@`%`*/ /*!50003 TRIGGER before_claim_update
BEFORE UPDATE ON claim_approval_stages
FOR EACH ROW
BEGIN
    -- Only update `time_updated` if the status is changing to `Approved` or `Rejected`
    IF OLD.status = 'Pending' AND (NEW.status = 'Approved' OR NEW.status = 'Rejected') THEN
        SET NEW.time_updated = NOW();
        
        IF NEW.status = 'Approved' THEN
            SET NEW.time_approved = NOW();
            SET NEW.time_rejected = NULL;
        ELSEIF NEW.status = 'Rejected' THEN
            SET NEW.time_rejected = NOW();
            SET NEW.time_approved = NULL;
        END IF;
    ELSE
        SET NEW.time_updated = OLD.time_updated;
    END IF;
END */;;
DELIMITER ;
/*!50003 SET sql_mode              = @saved_sql_mode */ ;
/*!50003 SET character_set_client  = @saved_cs_client */ ;
/*!50003 SET character_set_results = @saved_cs_results */ ;
/*!50003 SET collation_connection  = @saved_col_connection */ ;

--
-- Table structure for table `claim_data`
--

DROP TABLE IF EXISTS `claim_data`;
/*!40101 SET @saved_cs_client     = @@character_set_client */;
/*!40101 SET character_set_client = utf8 */;
CREATE TABLE `claim_data` (
  `id` int(11) NOT NULL AUTO_INCREMENT,
  `claimId` int(11) NOT NULL,
  `submitted` tinyint(1) NOT NULL DEFAULT '0',
  `date` date NOT NULL,
  `start_time` time NOT NULL,
  `end_time` time NOT NULL,
  `periods` int(11) NOT NULL,
  `subTotal` decimal(5,2) NOT NULL,
  `fuelComponent` varchar(3) DEFAULT NULL,
  PRIMARY KEY (`id`)
) ENGINE=InnoDB AUTO_INCREMENT=79 DEFAULT CHARSET=latin1;
/*!40101 SET character_set_client = @saved_cs_client */;

--
-- Dumping data for table `claim_data`
--

LOCK TABLES `claim_data` WRITE;
/*!40000 ALTER TABLE `claim_data` DISABLE KEYS */;
/*!40000 ALTER TABLE `claim_data` ENABLE KEYS */;
UNLOCK TABLES;

--
-- Table structure for table `claim_details`
--

DROP TABLE IF EXISTS `claim_details`;
/*!40101 SET @saved_cs_client     = @@character_set_client */;
/*!40101 SET character_set_client = utf8 */;
CREATE TABLE `claim_details` (
  `claimId` int(11) NOT NULL AUTO_INCREMENT,
  `userId` int(11) NOT NULL,
  `faculty` varchar(125) NOT NULL,
  `department` varchar(55) NOT NULL,
  `programme` varchar(35) DEFAULT NULL,
  `course` varchar(35) DEFAULT NULL,
  `rate` int(5) NOT NULL,
  `flagged` tinyint(1) NOT NULL DEFAULT '0',
  `completed` tinyint(1) NOT NULL DEFAULT '0',
  `time_submitted` timestamp NOT NULL DEFAULT CURRENT_TIMESTAMP ON UPDATE CURRENT_TIMESTAMP,
  `time_completed` timestamp NULL DEFAULT NULL,
  PRIMARY KEY (`claimId`)
) ENGINE=InnoDB AUTO_INCREMENT=51 DEFAULT CHARSET=latin1;
/*!40101 SET character_set_client = @saved_cs_client */;

--
-- Dumping data for table `claim_details`
--

LOCK TABLES `claim_details` WRITE;
/*!40000 ALTER TABLE `claim_details` DISABLE KEYS */;
INSERT INTO `claim_details` VALUES (35,0,'','','','',0,0,0,'2024-11-17 22:37:24',NULL),(36,1,'N/A','','','',0,0,0,'2024-11-17 22:47:28',NULL),(37,1,'N/A','','','',0,0,0,'2024-11-17 22:49:44',NULL),(38,1,'N/A','','','',0,0,0,'2024-11-20 10:22:29',NULL),(39,1,'N/A','','','',0,0,0,'2024-11-20 10:57:48',NULL),(40,1,'N/A','','','',0,0,0,'2024-11-20 11:41:22',NULL),(41,1,'N/A','','','',0,0,0,'2024-11-20 11:48:40',NULL),(42,1,'N/A','','','',0,0,0,'2024-11-20 11:50:13',NULL),(43,1,'N/A','','','',0,0,0,'2024-11-20 12:14:49',NULL),(44,1,'N/A','','','',0,0,0,'2024-11-20 12:15:12',NULL),(45,1,'N/A','','','',0,0,0,'2024-11-20 12:31:34',NULL),(46,1,'N/A','ELECTRICAL ENGINEERING','BSc COMPUTER SCIENCE','Organic Chemistry',0,0,0,'2024-11-20 12:37:31',NULL),(47,1,'N/A','ELECTRICAL ENGINEERING','BSc COMPUTER ENGINEERING','General Biology',0,0,0,'2024-11-20 12:40:15',NULL),(48,1,'N/A','ELECTRICAL ENGINEERING','BSc COMPUTER SCIENCE','Circuits Analysis',0,0,0,'2024-11-20 12:41:23',NULL),(49,1,'N/A','ELECTRICAL ENGINEERING','BSc ELECTRICAL ENGINEERING','General Biology',0,0,0,'2024-11-20 12:42:18',NULL),(50,1,'N/A','NAUTICAL SCIENCE','BSc NAUTICAL SCIENCE','Digital Signal Processing',0,0,0,'2024-11-20 12:55:27',NULL);
/*!40000 ALTER TABLE `claim_details` ENABLE KEYS */;
UNLOCK TABLES;

--
-- Table structure for table `class`
--

DROP TABLE IF EXISTS `class`;
/*!40101 SET @saved_cs_client     = @@character_set_client */;
/*!40101 SET character_set_client = utf8 */;
CREATE TABLE `class` (
  `code` varchar(10) NOT NULL,
  `archived` tinyint(1) DEFAULT '0',
  `fk_program` varchar(10) NOT NULL
) ENGINE=InnoDB DEFAULT CHARSET=utf8;
/*!40101 SET character_set_client = @saved_cs_client */;

--
-- Dumping data for table `class`
--

LOCK TABLES `class` WRITE;
/*!40000 ALTER TABLE `class` DISABLE KEYS */;
INSERT INTO `class` VALUES ('BCE23',1,'BCE'),('BCE24',0,'BCS'),('BCE25',0,'BCE'),('BCE26',1,'BCE'),('BIT21',0,'BCE'),('BIT26',0,'BIT'),('BME27',0,'BME'),('DME 27',0,'DME'),('BCE23',1,'BCE'),('BCE24',0,'BCS'),('BCE25',0,'BCE'),('BCE26',1,'BCE'),('BIT21',0,'BCE'),('BIT26',0,'BIT'),('BME27',0,'BME'),('DME 27',0,'DME');
/*!40000 ALTER TABLE `class` ENABLE KEYS */;
UNLOCK TABLES;

--
-- Table structure for table `completed_claims`
--

DROP TABLE IF EXISTS `completed_claims`;
/*!40101 SET @saved_cs_client     = @@character_set_client */;
/*!40101 SET character_set_client = utf8 */;
CREATE TABLE `completed_claims` (
  `claimId` int(11) DEFAULT NULL,
  `userId` int(11) NOT NULL,
  `department` varchar(25) NOT NULL,
  `programme` varchar(25) NOT NULL,
  `course` varchar(25) NOT NULL,
  `time_completed` timestamp NOT NULL DEFAULT CURRENT_TIMESTAMP
) ENGINE=MyISAM DEFAULT CHARSET=latin1;
/*!40101 SET character_set_client = @saved_cs_client */;

--
-- Dumping data for table `completed_claims`
--

LOCK TABLES `completed_claims` WRITE;
/*!40000 ALTER TABLE `completed_claims` DISABLE KEYS */;
/*!40000 ALTER TABLE `completed_claims` ENABLE KEYS */;
UNLOCK TABLES;

--
-- Table structure for table `course`
--

DROP TABLE IF EXISTS `course`;
/*!40101 SET @saved_cs_client     = @@character_set_client */;
/*!40101 SET character_set_client = utf8 */;
CREATE TABLE `course` (
  `code` varchar(10) NOT NULL,
  `name` varchar(255) NOT NULL,
  `credit_hours` int(11) DEFAULT '0',
  `contact_hours` int(11) DEFAULT NULL,
  `archived` tinyint(1) DEFAULT '0',
  `department` varchar(50) NOT NULL
) ENGINE=InnoDB DEFAULT CHARSET=utf8;
/*!40101 SET character_set_client = @saved_cs_client */;

--
-- Dumping data for table `course`
--

LOCK TABLES `course` WRITE;
/*!40000 ALTER TABLE `course` DISABLE KEYS */;
INSERT INTO `course` VALUES ('BIO101','General Biology',3,NULL,0,'ELECTRICAL ENGINEERING'),('BME201','Naval Architecture',3,NULL,0,'MARINE ENGINEERING'),('CHEM101','Organic Chemistry',3,NULL,0,'ELECTRICAL ENGINEERING'),('CSE101','Introduction to Computer Science',3,NULL,0,'ICT'),('CSE102','Data Structures',4,NULL,0,'ICT'),('CSE201','Operating Systems',4,NULL,0,'ICT'),('CSE202','Computer Networks',3,NULL,0,'ICT'),('ECE201','Circuits Analysis',3,NULL,0,'ELECTRICAL ENGINEERING'),('ECE202','Advanced Circuits Analysis',3,NULL,0,'ELECTRICAL ENGINEERING'),('ECE301','Digital Signal Processing',4,NULL,0,'NAUTICAL SCIENCE'),('ECE302','Microprocessors',3,NULL,0,'NAUTICAL SCIENCE'),('MAR101','Marine Biology',3,NULL,0,'MARINE ENGINEERING'),('MAR201','Advanced Marine Biology',3,NULL,0,'MARINE ENGINEERING'),('MAT201','Linear Algebra',3,NULL,0,'MARINE ENGINEERING'),('ME201','Thermodynamics',3,NULL,0,'MARINE ENGINEERING'),('ME202','Fluid Mechanics',4,NULL,0,'MARINE ENGINEERING'),('PHY101','Classical Physics',4,NULL,0,'NAUTICAL SCIENCE');
/*!40000 ALTER TABLE `course` ENABLE KEYS */;
UNLOCK TABLES;

--
-- Table structure for table `department`
--

DROP TABLE IF EXISTS `department`;
/*!40101 SET @saved_cs_client     = @@character_set_client */;
/*!40101 SET character_set_client = utf8 */;
CREATE TABLE `department` (
  `deptId` int(11) NOT NULL,
  `dept_name` varchar(255) NOT NULL,
  `archived` tinyint(1) DEFAULT '0'
) ENGINE=InnoDB DEFAULT CHARSET=utf8;
/*!40101 SET character_set_client = @saved_cs_client */;

--
-- Dumping data for table `department`
--

LOCK TABLES `department` WRITE;
/*!40000 ALTER TABLE `department` DISABLE KEYS */;
INSERT INTO `department` VALUES (1,'ICT',0),(2,'MARINE ENGINEERING',0),(3,'NAUTICAL SCIENCE',0),(4,'ELECTRICAL ENGINEERING',0),(5,'TRANSPORT ',0);
/*!40000 ALTER TABLE `department` ENABLE KEYS */;
UNLOCK TABLES;

--
-- Table structure for table `faculty`
--

DROP TABLE IF EXISTS `faculty`;
/*!40101 SET @saved_cs_client     = @@character_set_client */;
/*!40101 SET character_set_client = utf8 */;
CREATE TABLE `faculty` (
  `id` int(11) NOT NULL AUTO_INCREMENT,
  `name` varchar(255) NOT NULL,
  PRIMARY KEY (`id`)
) ENGINE=InnoDB AUTO_INCREMENT=5 DEFAULT CHARSET=utf8;
/*!40101 SET character_set_client = @saved_cs_client */;

--
-- Dumping data for table `faculty`
--

LOCK TABLES `faculty` WRITE;
/*!40000 ALTER TABLE `faculty` DISABLE KEYS */;
INSERT INTO `faculty` VALUES (1,'ENGINEERING & APPLIED SCIENCES'),(2,'MARITIME STUDIES'),(3,'ADMINISTRATION\r\n');
/*!40000 ALTER TABLE `faculty` ENABLE KEYS */;
UNLOCK TABLES;

--
-- Table structure for table `flagged_claims`
--

DROP TABLE IF EXISTS `flagged_claims`;
/*!40101 SET @saved_cs_client     = @@character_set_client */;
/*!40101 SET character_set_client = utf8 */;
CREATE TABLE `flagged_claims` (
  `claimId` int(11) NOT NULL,
  `flaggedId` int(11) NOT NULL,
  `department` varchar(50) NOT NULL,
  `programme` varchar(25) NOT NULL,
  `course` varchar(50) NOT NULL,
  `flagged_at_stage` int(11) NOT NULL,
  `flagged_msg` varchar(255) DEFAULT NULL,
  `date_flagged` timestamp NOT NULL DEFAULT CURRENT_TIMESTAMP
) ENGINE=MyISAM DEFAULT CHARSET=latin1;
/*!40101 SET character_set_client = @saved_cs_client */;

--
-- Dumping data for table `flagged_claims`
--

LOCK TABLES `flagged_claims` WRITE;
/*!40000 ALTER TABLE `flagged_claims` DISABLE KEYS */;
/*!40000 ALTER TABLE `flagged_claims` ENABLE KEYS */;
UNLOCK TABLES;

--
-- Table structure for table `lecturer_rank_rate`
--

DROP TABLE IF EXISTS `lecturer_rank_rate`;
/*!40101 SET @saved_cs_client     = @@character_set_client */;
/*!40101 SET character_set_client = utf8 */;
CREATE TABLE `lecturer_rank_rate` (
  `rankId` int(11) NOT NULL,
  `rank` varchar(50) NOT NULL,
  `rate` int(5) NOT NULL,
  PRIMARY KEY (`rankId`)
) ENGINE=MyISAM DEFAULT CHARSET=latin1;
/*!40101 SET character_set_client = @saved_cs_client */;

--
-- Dumping data for table `lecturer_rank_rate`
--

LOCK TABLES `lecturer_rank_rate` WRITE;
/*!40000 ALTER TABLE `lecturer_rank_rate` DISABLE KEYS */;
INSERT INTO `lecturer_rank_rate` VALUES (1,'Graduate Assistant',15),(2,'Junior Lecturer',25),(3,'Lecturer',35),(4,'Senior Lecturer',40);
/*!40000 ALTER TABLE `lecturer_rank_rate` ENABLE KEYS */;
UNLOCK TABLES;
/*!50003 SET @saved_cs_client      = @@character_set_client */ ;
/*!50003 SET @saved_cs_results     = @@character_set_results */ ;
/*!50003 SET @saved_col_connection = @@collation_connection */ ;
/*!50003 SET character_set_client  = utf8mb4 */ ;
/*!50003 SET character_set_results = utf8mb4 */ ;
/*!50003 SET collation_connection  = utf8mb4_unicode_ci */ ;
/*!50003 SET @saved_sql_mode       = @@sql_mode */ ;
/*!50003 SET sql_mode              = '' */ ;
DELIMITER ;;
/*!50003 CREATE*/ /* 50017 DEFINER=`doc-app`@`%`*/ /*!50003 TRIGGER update_user_rate_after_rank_rate_change
AFTER UPDATE ON lecturer_rank_rate
FOR EACH ROW
BEGIN
    -- Update the rate in user_details where the rank matches the updated rank
    UPDATE user_details
    SET rate = NEW.rate
    WHERE rank = NEW.rank;
END */;;
DELIMITER ;
/*!50003 SET sql_mode              = @saved_sql_mode */ ;
/*!50003 SET character_set_client  = @saved_cs_client */ ;
/*!50003 SET character_set_results = @saved_cs_results */ ;
/*!50003 SET collation_connection  = @saved_col_connection */ ;

--
-- Table structure for table `login_details`
--

DROP TABLE IF EXISTS `login_details`;
/*!40101 SET @saved_cs_client     = @@character_set_client */;
/*!40101 SET character_set_client = utf8 */;
CREATE TABLE `login_details` (
  `loginId` int(11) NOT NULL AUTO_INCREMENT,
  `userId` int(11) NOT NULL,
  `email` varchar(100) DEFAULT NULL,
  `password` varchar(255) DEFAULT NULL,
  `role` varchar(16) DEFAULT NULL,
  `rank` varchar(25) DEFAULT NULL,
  `stage` int(11) DEFAULT NULL,
  PRIMARY KEY (`loginId`)
) ENGINE=InnoDB AUTO_INCREMENT=11 DEFAULT CHARSET=latin1;
/*!40101 SET character_set_client = @saved_cs_client */;

--
-- Dumping data for table `login_details`
--

LOCK TABLES `login_details` WRITE;
/*!40000 ALTER TABLE `login_details` DISABLE KEYS */;
INSERT INTO `login_details` VALUES (1,9,'admin@das.local','admin1234','admin','admin',0),(2,10,'user1@das.local','user1234','claimant','Lecturer',0),(3,11,'hod-ict@das.local','hod-ict123','approver','head_of_dept',1),(4,12,'dean-eng@das.local','dean-eng123','approver','faculty_dean',2),(5,13,'provost@das.local','provost123','approver','provost',3),(6,14,'int-audit@das.local','int-audit123','approver','internal_auditor',4),(7,15,'vc@das.local','vice1234','approver','vc',5),(8,16,'hod-ee@das.local','hod-ee123','approver','head_of_dept',1),(9,18,'qs@mail.com','1qa2ws3ed4rf','approver','vc',NULL),(10,21,'finance@das.local','finance123','finance','finance',NULL);
/*!40000 ALTER TABLE `login_details` ENABLE KEYS */;
UNLOCK TABLES;

--
-- Table structure for table `programme`
--

DROP TABLE IF EXISTS `programme`;
/*!40101 SET @saved_cs_client     = @@character_set_client */;
/*!40101 SET character_set_client = utf8 */;
CREATE TABLE `programme` (
  `code` varchar(10) NOT NULL,
  `name` varchar(255) NOT NULL,
  `duration` int(11) DEFAULT '0',
  `dur_format` varchar(25) DEFAULT 'YEAR',
  `archived` tinyint(1) DEFAULT '0',
  `fk_department` int(11) NOT NULL
) ENGINE=InnoDB DEFAULT CHARSET=utf8;
/*!40101 SET character_set_client = @saved_cs_client */;

--
-- Dumping data for table `programme`
--

LOCK TABLES `programme` WRITE;
/*!40000 ALTER TABLE `programme` DISABLE KEYS */;
INSERT INTO `programme` VALUES ('BCE','BSc COMPUTER ENGINEERING',4,'YEAR',0,1),('BCS','BSc COMPUTER SCIENCE',4,'YEARS',0,1),('BEE','BSc ELECTRICAL ENGINEERING',4,'YEAR',0,4),('BIT','BSc INFORMATION TECHNOLOGY',4,'YEAR',0,1),('BME','BSc MARINE ENGINEERING',4,'YEAR',0,2),('BNS','BSc NAUTICAL SCIENCE',4,'YEAR',0,3),('BPS','BSc PORTS AND SHIPPING',4,'YEAR',0,5),('BTM','BSc Cyber Security',4,'YEAR',0,1),('DEE','Diploma ELECTRICAL ENGINEERING',2,'YEARS',0,4),('DIT','Diploma INFORMATION TECHNOLOGY',2,'YEARS',0,1),('DME','Diploma MARINE ENGINEERING',2,'YEARS',0,2),('DPS','Diploma PORTS AND SHIPPING',2,'YEARS',0,5);
/*!40000 ALTER TABLE `programme` ENABLE KEYS */;
UNLOCK TABLES;

--
-- Table structure for table `roles`
--

DROP TABLE IF EXISTS `roles`;
/*!40101 SET @saved_cs_client     = @@character_set_client */;
/*!40101 SET character_set_client = utf8 */;
CREATE TABLE `roles` (
  `role_id` int(11) NOT NULL,
  `role_name` varchar(25) NOT NULL,
  `stage` int(11) NOT NULL
) ENGINE=MyISAM DEFAULT CHARSET=latin1;
/*!40101 SET character_set_client = @saved_cs_client */;

--
-- Dumping data for table `roles`
--

LOCK TABLES `roles` WRITE;
/*!40000 ALTER TABLE `roles` DISABLE KEYS */;
INSERT INTO `roles` VALUES (103,'admin',100),(102,'user',101),(106,'internal_auditor',3),(104,'head_of_dept',1),(105,'faculty_dean',2),(107,'vice_chancellor',4),(108,'provost',5),(109,'claimant',102),(110,'finance',104);
/*!40000 ALTER TABLE `roles` ENABLE KEYS */;
UNLOCK TABLES;

--
-- Table structure for table `saved_claims`
--

DROP TABLE IF EXISTS `saved_claims`;
/*!40101 SET @saved_cs_client     = @@character_set_client */;
/*!40101 SET character_set_client = utf8 */;
CREATE TABLE `saved_claims` (
  `claimTempId` int(11) NOT NULL AUTO_INCREMENT,
  `userId` int(11) NOT NULL,
  `department` varchar(50) DEFAULT NULL,
  `programme` varchar(50) DEFAULT NULL,
  `course` varchar(50) DEFAULT NULL,
  `date_saved` timestamp NOT NULL DEFAULT CURRENT_TIMESTAMP,
  PRIMARY KEY (`claimTempId`)
) ENGINE=MyISAM AUTO_INCREMENT=4 DEFAULT CHARSET=latin1;
/*!40101 SET character_set_client = @saved_cs_client */;

--
-- Dumping data for table `saved_claims`
--

LOCK TABLES `saved_claims` WRITE;
/*!40000 ALTER TABLE `saved_claims` DISABLE KEYS */;
INSERT INTO `saved_claims` VALUES (3,10,'','','','2024-11-04 12:32:09');
/*!40000 ALTER TABLE `saved_claims` ENABLE KEYS */;
UNLOCK TABLES;

--
-- Table structure for table `settings`
--

DROP TABLE IF EXISTS `settings`;
/*!40101 SET @saved_cs_client     = @@character_set_client */;
/*!40101 SET character_set_client = utf8 */;
CREATE TABLE `settings` (
  `settingId` int(11) NOT NULL AUTO_INCREMENT,
  `settingName` varchar(50) NOT NULL,
  `settingValue` varchar(255) NOT NULL DEFAULT '0',
  PRIMARY KEY (`settingId`)
) ENGINE=InnoDB AUTO_INCREMENT=6 DEFAULT CHARSET=latin1;
/*!40101 SET character_set_client = @saved_cs_client */;

--
-- Dumping data for table `settings`
--

LOCK TABLES `settings` WRITE;
/*!40000 ALTER TABLE `settings` DISABLE KEYS */;
INSERT INTO `settings` VALUES (1,'fuelComponent','0'),(2,'fuelAmount','176.45');
/*!40000 ALTER TABLE `settings` ENABLE KEYS */;
UNLOCK TABLES;

--
-- Table structure for table `user_bank_details`
--

DROP TABLE IF EXISTS `user_bank_details`;
/*!40101 SET @saved_cs_client     = @@character_set_client */;
/*!40101 SET character_set_client = utf8 */;
CREATE TABLE `user_bank_details` (
  `user_bank_details_id` int(11) NOT NULL,
  `userId` int(11) NOT NULL,
  `bank_name` varchar(75) NOT NULL,
  `bank_branch` varchar(75) NOT NULL,
  `account_name` varchar(75) NOT NULL,
  `account_number` varchar(25) NOT NULL
) ENGINE=InnoDB DEFAULT CHARSET=latin1;
/*!40101 SET character_set_client = @saved_cs_client */;

--
-- Dumping data for table `user_bank_details`
--

LOCK TABLES `user_bank_details` WRITE;
/*!40000 ALTER TABLE `user_bank_details` DISABLE KEYS */;
INSERT INTO `user_bank_details` VALUES (1,3,'STANDARD CHARTERED BANK','TAMALE BRANCH','qasd-pro','234546-23E'),(1,3,'STANDARD CHARTERED BANK','TAMALE BRANCH','qasd-pro','234546-23E'),(0,1,'SOCIETE GENERAL GHANA LTD',' BIBIANI BRANCH','Johann Smith','9584934-49848'),(0,10,'BANK OF GHANA','SEFWI BOAKO BRANCH','JJ Smith','00486734546-32'),(0,20,'UNIVERSAL MERCHANT BANK (GH) LTD','SAKAMAN BRANCH','Semi Larkai','5466688-09-654');
/*!40000 ALTER TABLE `user_bank_details` ENABLE KEYS */;
UNLOCK TABLES;

--
-- Table structure for table `user_details`
--

DROP TABLE IF EXISTS `user_details`;
/*!40101 SET @saved_cs_client     = @@character_set_client */;
/*!40101 SET character_set_client = utf8 */;
CREATE TABLE `user_details` (
  `userId` int(11) NOT NULL AUTO_INCREMENT,
  `first_name` varchar(25) NOT NULL,
  `last_name` varchar(35) NOT NULL,
  `other_names` varchar(25) DEFAULT NULL,
  `phone_number` varchar(15) NOT NULL,
  `gender` varchar(6) NOT NULL,
  `email` varchar(55) NOT NULL,
  `password` varchar(255) NOT NULL,
  `faculty` varchar(75) DEFAULT NULL,
  `department` varchar(75) DEFAULT NULL,
  `role` enum('finance','admin','approver','claimant') NOT NULL DEFAULT 'claimant',
  `rank` varchar(25) NOT NULL,
  `rate` int(11) NOT NULL,
  `account_status` enum('active','disabled') NOT NULL DEFAULT 'disabled',
  `date_created` timestamp NOT NULL DEFAULT CURRENT_TIMESTAMP,
  PRIMARY KEY (`userId`)
) ENGINE=InnoDB AUTO_INCREMENT=22 DEFAULT CHARSET=latin1;
/*!40101 SET character_set_client = @saved_cs_client */;

--
-- Dumping data for table `user_details`
--

LOCK TABLES `user_details` WRITE;
/*!40000 ALTER TABLE `user_details` DISABLE KEYS */;
INSERT INTO `user_details` VALUES (9,'Admin','01',NULL,'0210000000','Female','admin@das.local','admin1234','MARITIME STUDIES','N/A','admin','Admin',0,'active','2024-04-08 06:17:15'),(10,'John','Smith','Don','02045366231','Other','user1@das.local','user1234','MARITIME STUDIES','A1','claimant','Lecturer',35,'active','2024-03-28 09:53:16'),(11,'Henry','Bosch','','0204453593','Other','hod-ict@das.local','hod-ict123','ENGINEERING & APPLIED SCIENCES','ICT','approver','head_of_dept',0,'active','2024-06-06 16:47:21'),(12,'Approver','2','','0203467534','Female','dean-eng@das.local','dean-eng123','ENGINEERING & APPLIED SCIENCES',NULL,'approver','faculty_dean',0,'active','2024-06-07 07:31:52'),(13,'Approver','3','','02094837423','Other','provost@das.local','provost123',NULL,NULL,'approver','provost',0,'active','2024-06-07 07:34:06'),(14,'Approver','4','','0239829734','Male','int-audit@das.local','int-audit123',NULL,NULL,'approver','internal_auditor',0,'active','2024-06-07 07:35:13'),(15,'Approver','5','','0348237423','Female','vc@das.local','vice1234',NULL,NULL,'approver','vc',0,'active','2024-06-07 07:56:43'),(16,'Approver','1','','0238283432','Other','hod-ee@das.local','hod-ee123','ENGINEERING & APPLIED SCIENCES','ELECTRICAL ENGINEERING','approver','head_of_dept',0,'active','2024-06-07 08:17:48'),(18,'q','s','','034983765402','Other','qs@mail.com','1qa2ws3ed4rf','ENGINEERING & APPLIED SCIENCES','ELECTRICAL ENGINEERING','approver','vc',0,'disabled','2024-08-29 21:39:36'),(19,'Koli','Sani','','0503457764','Other','k_sani@gmail.com','k_sani12','MARITIME STUDIES','MARINE ENGINEERING','approver','provost',0,'disabled','2024-09-04 22:14:56'),(20,'Semi','Larkai','','0203348748','Male','s.larkai@das.local','semi.larkai','ENGINEERING & APPLIED SCIENCES','ICT','claimant','Junior Lecturer',25,'disabled','2024-09-06 12:42:52'),(21,'Finance','Dept.',NULL,'0000000000','Other','finance@das.local','finance123','ADMINISTRATION','Finance','finance','0',0,'active','2024-10-18 10:48:53');
/*!40000 ALTER TABLE `user_details` ENABLE KEYS */;
UNLOCK TABLES;

--
-- Dumping routines for database 'doc-app'
--
/*!40103 SET TIME_ZONE=@OLD_TIME_ZONE */;

/*!40101 SET SQL_MODE=@OLD_SQL_MODE */;
/*!40014 SET FOREIGN_KEY_CHECKS=@OLD_FOREIGN_KEY_CHECKS */;
/*!40014 SET UNIQUE_CHECKS=@OLD_UNIQUE_CHECKS */;
/*!40101 SET CHARACTER_SET_CLIENT=@OLD_CHARACTER_SET_CLIENT */;
/*!40101 SET CHARACTER_SET_RESULTS=@OLD_CHARACTER_SET_RESULTS */;
/*!40101 SET COLLATION_CONNECTION=@OLD_COLLATION_CONNECTION */;
/*!40111 SET SQL_NOTES=@OLD_SQL_NOTES */;

-- Dump completed on 2024-11-25  9:38:27
